DateStamp,TimeStamp,Name,Category,Price,Description,SoldOut
2022-11-21,17:55:34,automotive,"-20 Degree Windshield Washer Fluid, 1 gal","fluid, Works, in, temperatures, as, low, as, -20&deg;F, Available, under, assorted, brands., Assortment, may, vary, by, store., 1, gal",2.99,False
2022-11-21,17:55:34,christmas-lights,1 Outlet Push-Pin Timer,"outlet, push-pin, timer, Use, to, automate, lamps,, portable, fans, and, seasonal, electrics&nbsp;, Energy, saving, CFL, and, LED, ready, 24, Hour, repeating, cycle, Set, to, turn, on/off, at, same, time, daily, Program, in, 30, minute, intervals, Bypass, programming, with, override, switch",4.99,False
2022-11-21,17:55:34,_prodDefaultCategory0,"1 Subject College Ruled Spiral Notebook, 70 Sheets","spiral, notebook, College, ruled, Available, in, assorted, colors.&nbsp;, Selection, varies, by, store., Dimensions:, 8&quot;, W, x, 10.5&quot;, L, 70, sheets",0.79,False
2022-11-21,17:55:34,BTS-School-and-Office-Supplies,"1 Subject Wide Ruled Wire Notebook, 70 Sheets","wire, notebook, 1, Subject, Available, in, assorted, colors., Selection, varies, by, store., Dimensions:, 8&quot;, W, x, 10.5&quot;, L, 70, sheets",0.79,False
2022-11-21,17:55:34,_prodDefaultCategory0,"1"" x 6' Wooden Plant Stake","stake, Great, alternative, instead, of&nbsp;using, plastic&nbsp;, Wasy, to, install, with, sharp,, chiseled, point, 1&quot;D, x, 6&#39;H",2.5,False
2022-11-21,17:55:34,_prodDefaultCategory0,1-Position Copa High Back Extra-Wide Steel Beach Chair,"back, extra-wide, steel, beach, chair, Molded, plastic, arms, Shoulder, carry, strap, Coated, steel, frame, Available, in, assorted, colors.&nbsp;, Selection, varies, by, store., Weight, capacity:, 300, lbs, Dimensions:, 24.41&quot;, W, x, 15.75&quot;, H, &nbsp;",35.0,False
2022-11-21,17:55:34,storage,"10 gal Storage Tote with Lid, Black","Includes, lid, 10, gal, Black",7.99,False
2022-11-21,17:55:34,snow-removal,10 lb Calcium Chloride Ice Melt,"ice, melt, Our, best, quality!&nbsp;, Effective, to, -25&deg;F, 10, lb, Jug",10.0,False
2022-11-21,17:55:34,snow-removal,"10"" Bear Claw Ice Scraper","ice, scraper, 10&quot;L",1.49,False
2022-11-21,17:55:34,_prodDefaultCategory0,"10"" Mini Bungees, 20-Count","For, light-duty, application, Can, be, used, to, tie, garden, hoses,, electrical, cord,, and, rope, Latex, rubber, core, with, a, polypropylene, braided, jacket, Galvanized, steel, hook, Dimensions, (each, cord):, 10&quot;, L, 20-count",4.29,False
2022-11-21,17:55:34,Seasonal-Out-of-Stock-Outdoor-Decor,"10"" Thai Buddha Statue","Statue, 10&quot;, Tall, Cement, construction, 4.4&quot;, W, x, 4.5&quot;, D, x, 10.4&quot;, H",9.99,False
2022-11-21,17:55:34,kitchen,"10"" Turntable Kitchen Organizer","Kitchen, Organizer&nbsp;, Create, space, in, the, pantry,, cupboard, or, on, the, countertop, Made, from, durable, plastic, Non-slip, base, 10&quot;, x, 10&quot;, x&nbsp;, 1.3&quot;&nbsp;",3.99,False
2022-11-21,17:55:34,doormats,10' No-Slip Coir Ice Runner,"ice, runner, Improves, walking, traction, on, ice, and, snow, Helps, provide, safe,, sure, footing, Great, for, pets, No, need, to, shovel,, salt, or, sand, Constructed, with, coconut, palm, 18&quot;, W, x, 10&#39;, L",12.0,False
2022-11-21,17:55:34,buy-online,10' Offset Patio Umbrella,"Patio, Umbrella, Mfg, #:&nbsp;IT18173, Perfect, for, any, outdoor, area,, patio,, or, backyard, Oval-shaped,, powder-coated, steel, pole, for, high, strength, Rust-resistant, steel, pole, with, 6, supporting, steel, ribs&nbsp;, Features, a, crank&nbsp;system, for, easy, opening, and, closing&nbsp;&nbsp;, Cross-shaped, stand, (requires, weighted, base,, sold, separately), Color, :, Sand&nbsp;, Overall, dimensions:, 10&#39;, Pole, diameter:, 1.65&quot;",79.99,False
2022-11-21,17:55:34,outdoor,10' Offset Patio Umbrella with Solar LED Lights,"Umbrella, with, Solar, LED, Lights, Mfg, #:&nbsp;IT822L, Perfect, for, any, outdoor, area,, patio,, or, backyard, Enjoy, a, cooler, environment, while, adding, style, to, your, outdoors, Solar, LED, lights, Rotates, 360&deg;, for, additional, shading, control, Top-mounted, solar, panel,, powers, lights, for, up, to, 12, hours, All, aluminum,, powder-coated, frame&nbsp;, Push, up, and, crank, open, Dimensions, :, 10&#39;, in, diameter, Umbrella, base, not, included&nbsp;",129.99,False
2022-11-21,17:55:34,buy-online,10' x 10' Cedar Wood Gazebo,"10&#39;, Cedar, Wood, Gazebo, Mfg, #:&nbsp;A102008500, The, 10&#39;, x, 10&#39;, Cedar, Wood, Gazebo, is, designed, with, double, roofs, for, great, ventilation., The, galvanized, steel, roof, is, rust-resistant, and, can, help, block, 90%, of, UV, rays., Enjoy, the, shade, and, stay, cool, with, this, efficiently, designed, gazebo!, Built, with, 100%, Premium, Cedar, Cedarwood, is, coated, with, protective, paint, to, ensure, durability, for, long-term, usage, and, is, resistant, to, rotting, and, decay, Measures, 10&#39;, x, 10&#39;, at, the, base/legs, and, 11&#39;, x, 11&#39;, at, the, roof, Great, for, a, backyard, deck,, lawn,, outdoor, patio,, or, near, a, pool, A, ceiling, hook, is, provided, for, suspending, lighting, or, fans, Can, be, assembled, in, 1.5-2, hours, with, more, than, 2, people., Allen, key, and, wrenches, included., Only, household, tools, are, required., A, ladder, and, gloves, are, needed, when, assembling, Comes, in, 2, boxes, Overall, dimensions, :, 10&#39;, x, 10&#39;, Peak, height, outside:, 120.86&quot;, Peak, height, inside:, 118.90&quot;, Eaves, height:, 78.35&quot;, Box, dimensions, :, 27&quot;H, x, 32&quot;W, x, 88&quot;L, Combined, weight, of, boxes, :, 600, lbs, &nbsp;, &nbsp;, &nbsp;, &nbsp;, &nbsp;, &nbsp;, &nbsp;, &nbsp;, &nbsp;, &nbsp;, &nbsp;, &nbsp;, &nbsp;, &nbsp;, &nbsp;, &nbsp;, &nbsp;, &nbsp;, &nbsp;, &nbsp;, &nbsp;, &nbsp;, &nbsp;, &nbsp;, &nbsp;, &nbsp;, &nbsp;, &nbsp;, &nbsp;, &nbsp;, &nbsp;, &nbsp;, &nbsp;, &nbsp;&nbsp;, &nbsp;, &nbsp;, &nbsp;, &nbsp;, &nbsp;, &nbsp;, &nbsp;, &nbsp;, &nbsp;, &nbsp;, &nbsp;, &nbsp;, &nbsp;, &nbsp;, &nbsp;, &nbsp;, &nbsp;, &nbsp;, &nbsp;, &nbsp;, &nbsp;, &nbsp;, &nbsp;, &nbsp;, &nbsp;, &nbsp;, &nbsp;, &nbsp;, &nbsp;, &nbsp;, &nbsp;, &nbsp;, &nbsp;, &nbsp;, &nbsp;, &nbsp;, &nbsp;, &nbsp;, &nbsp;, &nbsp;, &nbsp;, &nbsp;, &nbsp;, &nbsp;, &nbsp;, &nbsp;, &nbsp;, &nbsp;, &nbsp;, &nbsp;, &nbsp;, &nbsp;, &nbsp;, &nbsp;, &nbsp;, &nbsp;, &nbsp;, &nbsp;, &nbsp;, &nbsp;, &nbsp;, &nbsp;, &nbsp;, &nbsp;, &nbsp;, &nbsp;, &nbsp;, &nbsp;, &nbsp;, &nbsp;, &nbsp;, &nbsp;, &nbsp;, &nbsp;, &nbsp;, &nbsp;, &nbsp;, &nbsp;, &nbsp;, &nbsp;, &nbsp;, &nbsp;, &nbsp;, &nbsp;, &nbsp;, &nbsp;, &nbsp;, &nbsp;, &nbsp;, &nbsp;, &nbsp;, &nbsp;, &nbsp;, &nbsp;, &nbsp;",1999.99,False
2022-11-21,17:55:34,Seasonal-Out-of-Stock,"10' x 10' Insect Netting for Gazebo, Set of 4","for, Gazebo, Fits, most, 10&#39;, x, 10&#39;, gazebos&nbsp;, Set, of, 4, Overall, dimensions, (each, panel):, 10&#39;L, x, 6&#39;9&quot;H",39.99,False
2022-11-21,17:55:34,autumn-essentials,10' x 12' All-Purpose Weather Resistant Tarp,"polyethylene, Polypropylene, rope, around, hem, Rustproof, grommets, Easy, to, clean, Tear-resistant, Superior, all-weather, protection, Cut, size:, 10&#39;, W, x, 12&#39;, L",9.99,False
2022-11-21,17:55:34,Seasonal-Out-of-Stock,10' x 12' Insect Netting for Gazebo,"fire-retardant, polyester, fabric&nbsp;, Fits, most, 10&#39;, x, 10&#39;, and, 10&#39;, x, 12&#39;, gazebos, with, installed, curtain, rods, 12&#39;L, x, 10&#39;W, x, 7.2&#39;H",59.99,False
2022-11-21,17:55:34,autumn-essentials,10' x 20' All-Purpose Weather Resistant Tarp,"Woven, polyethylene, Polypropylene, rope, around, hem, Rustproof, grommets, Easy, to, clean, Tear-resistant, Superior, all-weather, protection, Cut, size:, 10&#39;, W, x, 20&#39;, L",15.99,False
2022-11-21,17:55:34,art-supplies,100 Count Craft Grab Bag,"100, various, items, that, will, make, for, a, craft, experience, like, no, other, Includes, product, such, as, buttons,, stickers,, markers,, banners,, glitter,, bracelets,, stencils,, iron, on, applications, and, more!, No, two, boxes, the, same!, These, craft, items, would, cost, up, to, $200, if, purchased, individually!&nbsp;",20.0,False
2022-11-21,17:55:34,_prodDefaultCategory0,100 Lumen COB Flashlight,"Requires, three, AAA, batteries,, included, Available, in, assorted, colors., Selection, may, vary, by, store.",2.99,False
2022-11-21,17:55:34,office-basics,"100 Sheet Ruled Writing Tablet, 9""","tablet, Blue, paper, Perforated, Eco-Friendly, paper, Made, in, India, Available, in, assorted, colors.&nbsp;, Selection, varies, by, store.&nbsp;, 100, sheet, Dimensions:, 6&quot;, W, x, 9&quot;, L",1.99,False
2022-11-21,17:55:34,bedding,"100% Cotton Thermal Blanket, Full","The, luxury, and, softness, of, natural, cotton, Suitable, for, all, seasons, 100%, Cotton, Size:, Full, 80&quot;, x, 90&quot;, Available, in, assorted, colors., Assortment, may, vary, by, store.",18.0,False
2022-11-21,17:55:34,bedding,"100% Cotton Thermal Blanket, King","The, luxury, and, softness, of, natural, cotton, Suitable, for, all, seasons, 100%, Cotton, Size:, King, 102&quot;, x, 90&quot;, Available, in, assorted, colors., Assortment, may, vary, by, store.",20.0,False
2022-11-21,17:55:34,bedding,"100% Cotton Thermal Blanket, Queen","The, luxury, and, softness, of, natural, cotton, Suitable, for, all, seasons, 100%, Cotton, Size:, Queen, 90&quot;, x, 90&quot;, Available, in, assorted, colors., Assortment, may, vary, by, store.",18.0,False
2022-11-21,17:55:34,bedding,"100% Organic Cotton 300 Thread Count Full Sheet Set, 4 Piece","100%, cotton, fibers, for, comfort, you, can, feel, good, about, 300, thread, count, Brushed, for, softness, 100%, organic, cotton, fiber, Full, size, 4, piece, set, Fully, elastic, fitted, sheet,, fits, mattresses, up, to, 18&quot;, deep, 1, fitted, sheet, 1, flat, sheet&nbsp;, 2, king, pillowcases&nbsp;, Available, in, assorted, prints, and, colors., Assortment, varies, by, store.",30.0,False
2022-11-21,17:55:34,bedding,"100% Organic Cotton 300 Thread Count King Sheet Set, 4 Piece","100%, cotton, fibers, for, comfort, you, can, feel, good, about, 300, thread, count, Brushed, for, softness, 100%, organic, cotton, fiber, King, size, 4, piece, set, Fully, elastic, fitted, sheet,, fits, mattresses, up, to, 18&quot;, deep, 1, fitted, sheet, 78&quot;, x, 80&quot;, x, 16&quot;, 1, flat, sheet, 110&quot;, x, 104&quot;, 2, king, pillowcases, 20&quot;, x, 40&quot;, Available, in, assorted, prints, and, colors., Assortment, varies, by, store.",30.0,False
2022-11-21,17:55:34,bedding,"100% Organic Cotton 300 Thread Count Queen Sheet Set, 4 Piece","100%, cotton, fibers, for, comfort, you, can, feel, good, about, 300, thread, count, Brushed, for, softness, 100%, organic, cotton, fiber, Queen, size, 4, piece, Fully, elastic, fitted, sheet,, fits, mattresses, up, to, 18&quot;, deep, 1, fitted, sheet, 60&quot;, x, 80&quot;, x, 16&quot;, 1, flat, sheet, 94&quot;, x, 104&quot;, 2, standard/queen, pillowcases, 20&quot;, x, 32&quot;, Available, in, assorted, prints, and, colors., Assortment, varies, by, store.",30.0,False
2022-11-21,17:55:34,beach-and-pool,100' Pool Cable,"For, pools, up, to, 32&#39;, in, diameter, Dimensions:, 100&#39;, L",5.99,False
2022-11-21,17:55:34,bedding,"1000 Thread Ct. Cotton-Rich 6-Piece Sheet Set, King, Blue","Ct., Cotton-Rich, 6-Piece, Sheet, Set,, King,, Blue, Mfg, #:&nbsp;22362338, Set, includes, one&nbsp;king, fitted, sheet, (78&quot;, x, 80&quot;, x, 15&quot;),, one, king, flat, sheet, (110&quot;, x, 104&quot;), and, four, king, pillowcases, (20&quot;, x, 40&quot;), Thread, count:, 1000, Made, of, cotton/polyester, Machine, washable, Imported&nbsp;, Color, :, Blue",39.99,False
2022-11-21,17:55:34,bedding,"1000 Thread Ct. Cotton-Rich 6-Piece Sheet Set, King, Gray","Ct., Cotton-Rich, 6-Piece, Sheet, Set,, King,, Gray, Mfg, #:&nbsp;22360338, Set, includes, one&nbsp;king, fitted, sheet, (78&quot;, x, 80&quot;, x, 15&quot;),, one, king, flat, sheet, (110&quot;, x, 104&quot;), and, four, king, pillowcases, (20&quot;, x, 40&quot;), Thread, count:, 1000, Made, of, cotton/polyester, Machine, washable, Imported&nbsp;, Color, :, Gray",39.99,False
2022-11-21,17:55:34,bedding,"1000 Thread Ct. Cotton-Rich 6-Piece Sheet Set, King, White","Ct., Cotton-Rich, 6-Piece, Sheet, Set,, King,, White, Mfg, #:&nbsp;22359338, Set, includes, one&nbsp;king, fitted, sheet, (78&quot;, x, 80&quot;, x, 15&quot;),, one, king, flat, sheet, (110&quot;, x, 104&quot;), and, four, king, pillowcases, (20&quot;, x, 40&quot;), Thread, count:, 1000, Made, of, cotton/polyester, Machine, washable, Imported&nbsp;, Color, :, White",39.99,False
2022-11-21,17:55:34,bedding,"1000 Thread Ct. Cotton-Rich 6-Piece Sheet Set, Queen, Blue","Ct., Cotton-Rich, 6-Piece, Sheet, Set,, Queen,, Blue, Mfg, #:&nbsp;22362238, Set, includes, one, queen, fitted, sheet, (60&quot;, x, 80&quot;, x, 15&quot;),, one, queen, flat, sheet, (92&quot;, x, 104&quot;), and, four, queen, pillowcases, (20&quot;, x, 30&quot;), Thread, count:, 1000, Made, of, cotton/polyester, Machine, washable, Imported&nbsp;, Color, :, Blue",39.99,False
2022-11-21,17:55:34,sheets,"1000 Thread Ct. Cotton-Rich 6-Piece Sheet Set, Queen, Gray","Ct., Cotton-Rich, 6-Piece, Sheet, Set,, Queen,, Gray, Mfg, #:&nbsp;22360238, Set, includes, one, queen, fitted, sheet, (60&quot;, x, 80&quot;, x, 15&quot;),, one, queen, flat, sheet, (92&quot;, x, 104&quot;), and, four, queen, pillowcases, (20&quot;, x, 30&quot;), Thread, count:, 1000, Made, of, cotton/polyester, Machine, washable, Imported&nbsp;, Color, :, Gray",39.99,False
2022-11-21,17:55:34,bedding,"1000 Thread Ct. Cotton-Rich 6-Piece Sheet Set, Queen, Lilac","Sheet, Set,, Queen,, Lilac, Mfg, #:&nbsp;22363238, Set, includes, one, queen, fitted, sheet, (60&quot;, x, 80&quot;, x, 15&quot;),, one, queen, flat, sheet, (92&quot;, x, 104&quot;), and, four, queen, pillowcases, (20&quot;, x, 30&quot;), Thread, count:, 1000, Made, of, cotton/polyester, Machine, washable, Imported&nbsp;, Color, :, Lilac",39.99,False
2022-11-21,17:55:34,bedding,"1000 Thread Ct. Cotton-Rich 6-Piece Sheet Set, Queen, White","Ct., Cotton-Rich, 6-Piece, Sheet, Set,, Queen,, White, Mfg, #:&nbsp;22359238, Set, includes, one, queen, fitted, sheet, (60&quot;, x, 80&quot;, x, 15&quot;),, one, queen, flat, sheet, (92&quot;, x, 104&quot;), and, four, queen, pillowcases, (20&quot;, x, 30&quot;), Thread, count:, 1000, Made, of, cotton/polyester, Machine, washable, Imported&nbsp;, Color:, White",39.99,False
2022-11-21,17:55:34,10-and-under-spring-and-summer-deals,"11"" Tall Galvanized Metal Bucket with Rope Handles","metal, bucket, set, Rope, handles, Dimensions:, 7.5&quot;, in, diameter, x, 11&quot;, H",9.99,False
2022-11-21,17:55:34,10-and-under-spring-and-summer-deals,"11.5"" Hanging Planter Extension Hook Set, 3-pack","extension, hook, set, Powder-coated, steel, 2&quot;, W, x, 11.5&quot;, L, 3-pack, &nbsp;",3.0,False
2022-11-21,17:55:34,_prodDefaultCategory0,12 Gal Strong Box Storage Tote,"storage, tote, Stackable, Shatter-resistant, Lockable, 12, Gal, Dimensions:, 21.6&quot;, W, x, 16&quot;, L, x, 12.6&quot;, H",14.99,False
2022-11-21,17:55:34,_prodDefaultCategory0,"12"" Bamboo Skewers, 100-Count","Skewers, 100-Count",1.99,False
2022-11-21,17:55:34,_prodDefaultCategory0,"12"" Bamboo Spoon","Safe, for, use, with, non-stick, cookware, 12&quot;",1.0,False
2022-11-21,17:55:34,_prodDefaultCategory0,"12"" Bungee Cords, 2-Count","9MM&nbsp;, Made, from, 10%, Virgin, Rubber, Polypropylene, fabric, covering, Color:, Red&nbsp;, Dimensions, (each, cord):, 12&quot;, L, 2-count",1.39,False
2022-11-21,17:55:34,_prodDefaultCategory0,"12"" Garden Thermometer","Thermometer, Large, numbers, and, red, indicator&nbsp;make, it, easy, to, read, from, a, distance, Temperature, Range:, -40, to, 140F,, -40, to, 60C, Weather-resistant, 12&quot;",9.99,False
2022-11-21,17:55:34,_prodDefaultCategory0,"12"" Inflatable Tinsel Ornaments, 2-Pieces","ornaments, 2-pieces, Includes, hanging, loops, Inflates, by, mouth, or, air, pump, -, air, pump, not, included, Weather, proof, Material:, Polyester/PVC, For, indoor, or, outdoor, use, 12&quot;D, x, 13.5&quot;H",9.99,False
2022-11-21,17:55:34,dog-treats,"12"" Jumbo Bully Stick Pet Chew","Stick, Pet, Chew, All-natural, Grass, Fed, Free, Range, Odor, Free, Overall, dimensions:&nbsp;, 12&quot;, L",5.99,False
2022-11-21,17:55:34,dog-treats,"12"" Premium Bully Stick Pet Chew","Stick, Pet, Chew, 100%, All-natural, Free-range, Grain-free, Odor-free, Dimensions, :, 12&quot;, L",4.99,False
2022-11-21,17:55:34,treats-and-toys,"12"" Premium Spiral Bully Stick Pet Chew","Premium, bully, stick, All, natural, 12&quot;",3.99,False
2022-11-21,17:55:34,kitchen,"12"" Turntable Kitchen Organizer","Kitchen, Organizer, Create, space, in, the, pantry,, cupboard, or, on, the, countertop, Made, from, durable, plastic, Non-slip, base, 12&quot;, x, 12&quot;, x, 1.3&quot;&nbsp;",4.99,False
2022-11-21,17:55:34,buy-online,12' x 10' Cedar Framed Pavilion ,"10&#39;, Cedar, Framed, Pavilion&nbsp;, Made, with, a, premium, cedar, wood, frame, construction, and, a, powder-coated, steel, hardtop, Top, measures, 13&#39;, x, 11&#39;, Legs, measure, 12&#39;, x, 10&#39;, Cedar, wood, is, coated, with, protective, paint, to, ensure, durability, for, long-term, usage., Resistant, to, rot,, decay,, and, insects, Wood, is, pre-cut, and, pre-drilled, for, a, natural-looking, finish, Hardtop, helps, block, up, to, 99%, of, UV, rays,, providing, shade, or, rain, protection, during, outdoor, activities, Steel, gazebo, brackets, reinforce, shade, structure, and, reduce, movement, while, providing, premium, accents, to, your, backyard, focal, point., The, reasonable, roof, slope, design, allows, water, to, flow, out, fast, to, prevent, rainwater, from, massing, Ceiling, hook, is, provided, for, suspended, lighting, Can, be, assembled, in, 1.5-2, hours, with, 2, or, more, people., Only, household, tools, are, required., A, ladder, and, gloves, are, needed, when, assembling, Comes, in, 2, boxes, Overall, dimensions, :, 12&#39;, x, 10&#39;, Peak, height, outside:, 121.65&quot;, Peak, height, inside:, 119.29&quot;, Eaves, height:, 77.95&quot;",2199.99,False
2022-11-21,17:55:34,autumn-essentials,12' x 16' All-Purpose Weather Resistant Tarp,"Woven, polyethylene, Polypropylene, rope, around, hem, Rustproof, grommets, Easy, to, clean, Tear-resistant, Superior, all-weather, protection, Cut, size:, 12&#39;, W, x, 16&#39;, L",14.99,False
2022-11-21,17:55:34,autumn-essentials,12' x 25' All-Purpose Weather Resistant Tarp,"Woven, polyethylene, Polypropylene, rope, around, hem, Rustproof, grommets, Easy, to, clean, Tear-resistant, Superior, all-weather, protection, Cut, size:, 12&#39;, W, x, 25&#39;, L",23.99,False
2022-11-21,17:55:34,_prodDefaultCategory0,"12.5"" Garden Thermometer","Thermometer, Large, numbers, and, red, indicator&nbsp;make, it, easy, to, read, from, a, distance, Temperature, Range:, -40, to, 140F,, -40, to, 60C, Weather-resistant, 12.5&quot;",9.99,False
2022-11-21,17:55:34,flashlights,13 LED Aluminum Flashlight,"Flashlight, Aluminum, Requires, 2, C, batteries, (, not&nbsp;included), Available, in, assorted, colors., Selection, may, vary, by, store.",3.99,False
2022-11-21,17:55:34,_prodDefaultCategory0,"14"" Basalt Granite Fountain","Granite, Fountain, Pump,, LED, lights,, and, PE, basin, included, Color, :, Dark, Gray, Basalt, Overall, dimensions, :, 7&quot;H, x, 14&quot;W, Weight, :, 89, lbs, &nbsp;",299.99,False
2022-11-21,17:55:34,buy-online,14' x 12' Cedar Framed Pavilion ,"12&#39;, Cedar, Framed, Pavilion&nbsp;, Made, with, a, premium, cedar, wood, frame, construction, and, a, powder-coated, steel, hardtop, Top, measures, 15&#39;, x, 13&#39;, Legs, measure, 14&#39;, x, 12&#39;, Cedar, wood, is, coated, with, protective, paint, to, ensure, durability, for, long-term, usage., Resistant, to, rot,, decay,, and, insects, Wood, is, pre-cut, and, pre-drilled, for, a, natural-looking, finish, Hardtop, helps, block, up, to, 99%, of, UV, rays,, providing, shade, or, rain, protection, during, outdoor, activities, Steel, gazebo, brackets, reinforce, shade, structure, and, reduce, movement, while, providing, premium, accents, to, your, backyard, focal, point., The, reasonable, roof, slope, design, allows, water, to, flow, out, fast, to, prevent, rainwater, from, massing, Ceiling, hook, is, provided, for, suspended, lighting, Can, be, assembled, in, 1.5-2, hours, with, 2, or, more, people., Only, household, tools, are, required., A, ladder, and, gloves, are, needed, when, assembling, Comes, in, 2, boxes, Overall, dimensions, :, 14&#39;, x, 12&#39;, Peak, height, outside:, 121.65&quot;, Peak, height, inside:, 119.29&quot;, Eaves, height:, 77.95&quot;, &nbsp;",2499.99,False
2022-11-21,17:55:34,painting,14-in-1 Universal Tool,"Tool, For, painting, and, projects, Ideal, for&nbsp;scraping, paint,, cleaning&nbsp;rollers&nbsp;covers,, removing, nails, Also, use, as, a, bottle, opener,, can, opener,, screw, driver,, putty&nbsp;applicator, and, much, more",5.49,False
2022-11-21,17:55:34,bedding,"1400 Thread Count King Sheet Set, 4 Piece","1400, Thread, Count, 4-Piece, Extra, soft, finish, for, a, great, nights, sleep, Deep, pockets, Easy, care, Includes, (1), fitted, sheet, 78&quot;W, x, 80&quot;L,, (1), flat, sheet, 108&quot;W, x, 102&quot;L,, (2)&nbsp;pillowcases, 20&quot;W, x, 40&quot;L, Available, in, assorted, colors., Selection, may, vary, by, store.",35.0,False
2022-11-21,17:55:34,bedding,"1400 Thread Count Queen Sheet Set, 4 Piece","Set, 1400, Thread, Count, 4-Piece, Extra, soft, finish, for, a, great, nights, sleep, Deep, pockets, Easy, care, Includes, (1), fitted, sheet, 60&quot;W, x, 80&quot;L,, (1), flat, sheet, 90&quot;W, x, 102&quot;L,, (2)&nbsp;pillowcases, 20&quot;W, x, 30&quot;L, Available, in, assorted, colors., Selection, may, vary, by, store.",30.0,False
2022-11-21,17:55:34,_prodDefaultCategory0,"15"" Whiskey Barrel Resin Planter","resin, planter, Wood, grain, design, Polypropylene, resin, construction, 15&quot;, diameter, x, 10-5/8&quot;, H",12.0,False
2022-11-21,17:55:34,_prodDefaultCategory0,"15' Dog Tie Out Cable, For Dogs up to 100 lbs","cable, 1700, lb, break, strength, For, dogs, up, to, 100&nbsp;lbs, Tangle-free, Weather, resistant, PVC, coated, aircraft, caliber, Easily, attaches, to, post,, stake, or, dog, run, 15ft",5.99,False
2022-11-21,17:55:34,_prodDefaultCategory0,"15' Dog Tie Out Cable, For Dogs up to 50 lbs","cable, 920, lb, break, strength, For, dogs, up, to, 50, lbs, Tangle-free, Weather, resistant, PVC, coated, aircraft, caliber, Easily, attaches, to, post,, stake, or, dog, run, 15ft",4.99,False
2022-11-21,17:55:34,autumn-essentials,15' x 30' All-Purpose Weather Resistant Tarp,"Woven, polyethylene, Polypropylene, rope, around, hem, Rustproof, grommets, Easy, to, clean, Tear-resistant, Superior, all-weather, protection, Cut, size:, 15&#39;, W, x, 30&#39;, L",34.99,False
2022-11-21,17:55:34,10-and-under-spring-and-summer-deals,"15.25"" Hanging Planter Extension Hook Set, 2-pack","extension, hook, set, Powder-coated, steel, 2&quot;, W, x, 15.25&quot;, L, 2-pack",3.0,False
2022-11-21,17:55:34,_prodDefaultCategory0,"16"" Bird Feeder Clear Baffle","Feeder, Clear, Baffle, Works, as, baffle, or, weather, shield, Weight, 1.25, lbs., 15.4&quot;D, x, 15.4&quot;W&nbsp;x, 3.75&quot;H",17.99,False
2022-11-21,17:55:34,lawn-and-garden,"16"" Galvanized Metal Oval Bucket with Rope Handles","oval, bucket, set, Rope, handles, Dimensions:, 16.5&quot;, W, x, 8&quot;, L, x, 6.5&quot;, H",5.99,False
2022-11-21,17:55:34,_prodDefaultCategory0,"16"" x 24"" Grow Through Plant Support","24&quot;, Grow, Through, Plant, Support, 3.5MM, vinyl, coated, wire&nbsp;, 16&quot;, in, diameter, x, 24&quot;H, Plant, not, included&nbsp;",5.0,False
2022-11-21,17:55:34,_prodDefaultCategory0,"16"" x 26"" Multi-Use Scraper Mat with Skid-Resistant Backing","with, skid-resistant, backing, Ribbed, construction, traps, dirt, and, moisture, Durable,, stain, &amp;, fade, resistant, needle, punch, carpet-top, Low, profile, design, won&#39;t, get, in, the, way, of, doors, Heavy,, skid-resistant, backing, Prevents, tracking, dirt, Easy, clean, -, brush, off, or, spray, with, hose, Available, in, assorted, colors.&nbsp;, Selection, varies, by, store., 18&quot;, W, x, 28&quot;, L",3.0,False
2022-11-21,17:55:34,autumn-essentials,16' x 20' All-Purpose Weather Resistant Tarp,"Woven, polyethylene, Polypropylene, rope, around, hem, Rustproof, grommets, Easy, to, clean, Tear-resistant, Superior, all-weather, protection, Cut, size:, 16&#39;, W, x, 20&#39;, L",24.99,False
2022-11-21,17:55:34,bath,"17"" x 24"" Memory Foam Bath Mat","absorb,, quick, to, dry, Super, soft, microfiber, plush, with, non-slip, back, Available, in, assorted, colors., Selection, may, vary, by, store., 17&quot;, x, 24&quot;",6.0,False
2022-11-21,17:55:34,pet-supplies,"17""x24"" Puppy Pads with Odor Eliminators, 60-Count","w/Odor, Eliminators, Tear-resistant, Soft, quilted, surface, absorbs, moisture, &amp;, controls, odors, Protects, floor, with, leak-resistant, bottom, Attracts, puppies, Eliminates, odors, Protects, floors, 17&quot;, W, X, 24&quot;, L, 60-count",12.99,False
2022-11-21,17:55:34,baking-supplies,18 qt Stainless Steel Mixing Bowl,"18, qt, Stainless, Steel",12.99,False
2022-11-21,17:55:34,storm-preparation,"18"" Bungee Cords, 2-Count","9MM&nbsp;, Made, from, 10%, Virgin, Rubber, Polypropylene, fabric, covering, Color:, Black, Dimensions, (each, cord):, 18&quot;, L, 2-count",1.69,False
2022-11-21,17:55:34,_prodDefaultCategory0,"18"" Dog Spiral Tie-Out Stake","Tie-Out, Stake, 18&quot;",2.0,False
2022-11-21,17:55:34,_prodDefaultCategory0,"18"" Pelican Garden Statue","statue, Bring&nbsp;an, oceanic, feel, to, your, garden, Constructed, from, metal, 18&quot;, W, x, 7&quot;, D, x, 18&quot;, H",19.99,False
2022-11-21,17:55:34,_prodDefaultCategory0,"18"" Window Box Planter","with, wooden, look, Weather, resistant&nbsp;, Painted, black/brown, 18&quot;",6.0,False
2022-11-21,17:55:34,_prodDefaultCategory0,"18"" Wrap Around Squirrel Baffle","Around, Squirrel, Baffle, Keeps, critters, from, raiding, your, bird, feeders, Clips, easily, around, pole,, no, need, to, remove, feeder, 18&quot;D, x, 18&quot;W, x, 7.5&quot;H, Weight, 2.75, lbs.",17.99,False
2022-11-21,17:55:34,christmas,"18"" x 30"" Cuisinart Christmas Anti Fatigue Kitchen Mat","Fatigue, Kitchen, Mat, Stain-resistant, Non-slip, bottom, Support, for, your, back, &amp;, feet, Available, in, assorted, designs.&nbsp;, Selection, varies, by, store., Dimensions, :, 18&quot;, W, x, 30&quot;, L",9.99,False
2022-11-21,17:55:34,christmas,"18"" x 30"" Disney Christmas Anti Fatigue Kitchen Mat","Anti, Fatigue, Kitchen, Mat, Support, for, your, back, &amp;, feet, Non-slip, bottom, Stain-resistant, Available, in, assorted, designs.&nbsp;, Selection, varies, by, store., Dimensions, :, 18&quot;, W, x, 30&quot;, L",9.99,False
2022-11-21,17:55:34,boot-trays-and-door-mats,"18"" x 30"" Holiday Printed Coir Mat with Vinyl Backing","coir, mat, Vinyl, backing, All-natural, coconut, fibers&nbsp;, 100%, Eco-friendly&nbsp;, Anti-slip, vinyl, backing, Traps, dirt,, debris,, and, moisture, Available, in, assorted, designs., Selection, varies, by, store., Dimensions:&nbsp;, 18&quot;, W, x, 30&quot;, L",8.0,False
2022-11-21,17:55:34,doormats,"18"" x 30"" Kitchen Mat","18&quot;, x, 30&quot;, Available, in, assorted, designs, Assortment, varies, by, store",3.99,False
2022-11-21,17:55:34,boot-trays-and-door-mats,"18"" x 30"" Moisture Absorbing Textured Mat","absorbing, textured, mat, Skid-resistant, rubber, backing, Available, in, assorted, colors.&nbsp;, Selection, varies, by, store., 18&quot;, W, x, 30&quot;, L",8.0,False
2022-11-21,17:55:34,10-and-under-spring-and-summer-deals,"18"" x 30"" Spring/Summer Printed Coir Mat with Vinyl Backing","coir, mat, Anti-slip, vinyl, backing, All-natural, coconut, fibers&nbsp;, 100%, Eco-friendly&nbsp;, Traps, dirt,, debris,, and, moisture, Available, in, assorted, designs., Selection, varies, by, store., 18&quot;, W, x, 30&quot;, L",8.0,False
2022-11-21,17:55:34,boot-trays-and-door-mats,"18""x30"" Decorative Rubber Doormat","doormat, Raised, design, scrapes, shoes, &amp;, traps, debris, Slip-resistant, surface, and, backing, Superior, durability, &amp;, long-lasting, 100%, Rubber, Made, to, withstand, all, seasons, Easy, to, clean, Avalable, in, assorted, styles.&nbsp;, Selection, varies, by, store., 18&quot;, W, x, 30&quot;, L",8.0,False
2022-11-21,17:55:34,boot-trays-and-door-mats,"18""x30"" Deluxe Rubber Scroll Coir Doormat","scroll, coir, doormat, All-natural, Coco, Fibers, Removes, dirt,, debris,, and, moisture, from, shoes, Durable, entrance, floor, mat&nbsp;, Natural, coir, and, rubber, material, 18MM, pile, height&nbsp;, 18&quot;, W, x, 30&quot;, L",10.0,False
2022-11-21,17:55:34,doormats,"18""x30"" Flip-Flop Foam Doormat","Doormat, Eco-friendly, mat, made, of, repurposed,, leftover, flip-flop, material, Due, to, the, nature, of, this, item,, each, doormat, is, unique, and, its, design, will, vary, Multi-color, Made, in, the, Philippines&nbsp;, Dimensions, :, 18&quot;, W, x, 30&quot;, L, x, 0.875&quot;, H",12.0,False
2022-11-21,17:55:34,_prodDefaultCategory0,"18""x30"" Printed Coir Mat with Vinyl Backing","mat, All-natural, coconut, fibers&nbsp;, 100%, Eco-friendly&nbsp;, Anti-slip, vinyl, backing, Traps, dirt,, debris,, and, moisture, Available, in, assorted, designs., Selection, varies, by, store., 18&quot;, W, x, 30&quot;, L",8.0,False
2022-11-21,17:55:34,Boss-Test-SKUs,18' x 20' All-Purpose Weather Resistant Tarp,"Polypropylene, rope, around, hem, Rust, proof, grommets, Easy, to, clean, Tear, resistant, Superior, all, weather, protection, Cut, size:, 18&#39;x20&#39;",27.99,False
2022-11-21,17:55:34,Game-Day-Essentials,1864 Premium Giant Playing Cards,"Giant, Playing, Cards, Giant, cards, for, big, winners, Dimensions, :, 3.5&quot;, W, x, 10.6&quot;, L",1.5,False
2022-11-21,17:55:34,Game-Day-Essentials,"1864 Premium Jumbo Face Playing Cards, 2-Deck","Jumbo, Face, Playing, Cards, Quality, embossed, poker, cards, Standard, size, Each, deck, individually, boxed, 2-deck",2.0,False
2022-11-21,17:55:34,Game-Day-Essentials,"1864 Premium Playing Cards, 2-Decks","Playing, Cards, Quality, embossed, poker, cards, Standard, size, Each, deck, individually, boxed, 2-decks",2.0,False
2022-11-21,17:55:34,_prodDefaultCategory0,2 Light Torchiere Floor Lamp,"Torchiere, Floor, Lamp, Torchiere, floor, lamp, with, reading, light&nbsp;, Requires, one, 150W, 3-way, and, one, 40W, light, bulb,, not, included., Color:, Silver&nbsp;, 71&quot;H",16.99,False
2022-11-21,17:55:34,10-and-under-spring-and-summer-deals,"2"" Biodegradable Seed Starting Jiffy-PotsÂ®, 26-pots","starting, pots, Perfect, for, vegetables,, herbs,, and, flowers, Natural, &amp;, organic, peat, OMRI, listed, Easy, 3-step, process, Zero, root, shock,, roots, grow, through, pot, 26-peat, pots, 2&quot;, in, diameter, x, 2&quot;, H",3.0,False
2022-11-21,17:55:34,autumn-essentials,2' x 3' Scraper Entrance Mat,"traps, dirt, and, moisture, in, recessed, channels, Durable,stain, and, fade, resistant, needlepunch, carpet-top, Non-skid, backing, Low-profile, design, won&#39;t, get, in, the, way, of, doors&nbsp;, Available, in, assorted, colors., Assortment, may, vary, by, store., 2&#39;W, x, 3&#39;L",6.0,False
2022-11-21,17:55:34,boot-trays-and-door-mats,2' x 5' Multi-Purpose Washable Accent Rug Runner,"accent, rug, runner, Great, for, dorms,, entryways,, kitchens,, laundry, rooms,, and, more, Non-slip, latex, backing, Machine, washable, Stain-resistant, Low, profile, 100%, Polypropylene, Made, in, Egypt, Available, in, assorted, colors.&nbsp;, Selection, varies, by, store., 2&#39;, W, x, 5&#39;, L",12.99,False
2022-11-21,17:55:34,doormats,2'x3' Heavy-Duty All-Weather Rubber Doormat,"100%, Rubber, All-weather, Slip-resistant, Features, drain-away, holes, Dimensions:, 24&quot;, W, x, 36&quot;, L",12.0,False
2022-11-21,17:55:34,boss-back-to-campus,"2-Drawer Storage Tower, Gray","Tower,, Gray, Mfg, #:&nbsp;STO08795, 2, easy-glide, drawers, offer, to, hide, away, space, for, items, to, declutter, your, room, 18.9, in., x, 12.6, in., top, surface, is, perfect, for, a, lamp,, books,, or, a, picture, frame, Weight, capacity, Individual, drawer:, &nbsp;, 6.6, lbs, Top, board:, 33, lbs, Overall, dimensions, :, 18.9&quot;W, x, 24.4&quot;H, x, 12.6&quot;D, Box, dimensions, :, 20.28&quot;L, x, 18.5&quot;D, x, 4.33&quot;H",39.99,False
2022-11-21,17:55:34,_prodDefaultCategory0,2-in-1 Rechargeable Bug Zapper & Lantern,"bug, zapper, and, lantern, Includes, (1), lantern,, (1), USB, charging, cable,, (1), cleaning, brush,, and, (1), built-in, hanging, hook, Easy, to, use, Indoor, or, outdoor, Water-resistant, Lantern, brightness, of, 70, Lumens, 2, Watt, lighting, power, 3, Watt, bug, light, power, 1,000, Volts, of, grid, voltage",12.99,False
2022-11-21,17:55:34,_prodDefaultCategory0,2-in-1 Soccer and Tennis Set,"and, Tennis, Set, Play, it, anywhere, Great, for, your, yard,, park,, or, the, beach, Quickly, converts, between, soccer, and, tennis, sports, Easy, assembly, Durable, construction, Includes, soccer, and, tennis, net,, 6&#39;, PVC, soccer, ball,, two, tennis&nbsp;rackets,, tennis, ball,, Ball, pump, with, needle, Age:, 3+",19.99,False
2022-11-21,17:55:34,_prodDefaultCategory0,"2-Pack American Flag 12"" x 18""","flags, Cloth, flags, on, wooden&nbsp;sticks, 12&quot;, x, 18&quot;",1.99,False
2022-11-21,17:55:34,beach-and-pool,"2-Person Outdoor Fold-Up Mat, 5'x6.5'","fold-up, mat, Ideal, for, beach,, pool, side,, camping,, picnic, and, more, 100%, Polypropelene, Folds, compactly, for, storage, Water, and, sand-resistant, Available, in, assorted, colors.&nbsp;, Selection, varies, by, store., 5&#39;, W, x, 6.5&#39;, L",12.0,False
2022-11-21,17:55:34,_prodDefaultCategory0,2-Pocket Paper Portfolio,"Features, 2, pockets&nbsp;, Available, in, assorted, colors., Selection, varies, by, store., 3.5&quot;, Pocket, height, Dimensions:, 9.25&quot;, W, x, 11.5&quot;, L",0.5,False
2022-11-21,17:55:34,BTS-School-and-Office-Supplies,2-Pocket Paper Portfolio with Prongs,"portfolio, Features, 3, prongs, to, hold, hole-punched, documents, Available, in, assorted, colors., Selection, varies, by, store., 3.5&quot;, Pocket, height, Dimensions:, 9.5&quot;, W, x, 11.5&quot;, L",0.5,False
2022-11-21,17:55:34,_prodDefaultCategory0,"2-Tier Boot Organizer, 14.5"" x 28""","boot, organizer&nbsp;, Keep, your, boots, organized, and, protect, your, floors&nbsp;, Ideal, for, mud, rooms, or, closets&nbsp;, Dimensions:&nbsp;, 14.5&quot;, W, x, 28&quot;, L, x, 14.5&quot;, H",14.99,False
2022-11-21,17:55:34,_prodDefaultCategory0,2-Tier Rolling Garment Rack,"Garment, Rack, Customize, your, space, with, this, double, rod,, customizable, height, garment, rack, Adjustable, top, and, bottom, shelves, for, additional, storage, Chrome-plated, solid, steel, construction, with, 4, post, design, for, stable, mobility, and, significant, weight, capacity, Easy, no-tool, assembly, Package, includes:, 2x, Locking, heavy-duty, casters, 2x, Standard, heavy-duty, casters, 2, Hanging, rods, 2x, shelves, 1x, Swivel, hook, 2x, Side, brackets, Weight, capacity, :, Shelf:, 200, lbs, Rod:, 90, lbs, Overall, dimensions, :, 35.7&quot;W, x, 17.9&quot;D, x, 73.9&quot;H",49.99,False
2022-11-21,17:55:34,kitchen,2-Tier Turntable Kitchen Organizer,"Kitchen, Organizer, Create, space, in, the, pantry,, cupboard, or, on, the, countertop, Made, from, durable, plastic, Non-slip, base, 10&quot;, x, 10&quot;, x, 6&quot;",5.99,False
2022-11-21,17:55:34,dorm-room-essentials,2-Tier White Storage Cube with Door,"with, Door, Stable, construction, Stackable, Easy, to, assemble, Color, :, white, Product, dimensions, :, 15.7&quot;, W, x, 11.4&quot;, D, x, 21&quot;, H, Weight, :, 14.1, lbs, Box, dimensions:, 13.6&quot;, W, x, 3.2&quot;, D, x, 23.8&quot;, H",19.99,False
2022-11-21,17:55:34,dorm-room-essentials,2-Tier Black Storage Cube with Door,"with, Door, Stable, construction, Stackable, Easy, to, assemble, Color, :, black, Dimensions, :, 15.7&quot;, W, x, 11.4&quot;, D, x, 21&quot;, H, Weight, :, 14.1, lbs, Box, dimensions:, 13.6&quot;, W, x, 3.2&quot;, D, x, 23.8&quot;, H",19.99,False
2022-11-21,17:55:34,snow-removal,20 lb Premium Blend Ice Melt,"ice, melt, Superior, melting, power, Cuts, through, the, ice, and, works, on, contact, Fast-acting,, long-lasting&nbsp;, 100%, Effective, down, to, -15&deg;F&nbsp;, 20, lb, Bag, Assorted, brands., Brands, will, vary, by, store.&nbsp;",6.0,False
2022-11-21,17:55:34,10-and-under-spring-and-summer-deals,"20"" Sea Creature Wind Chime","wind, chime, Use, indoor, or, outdoor&nbsp;, Available, in, Seahorse,, Fish,, Turtle,, Dolphin, designs.&nbsp;, Selection, varies, by, store., 20&quot;, L",4.99,False
2022-11-21,17:55:34,_prodDefaultCategory0,"20"" Whiskey Barrel Resin Planter","Barrel, Resin, Planter, Wood, grain, design, Polypropylene, construction, 20.5&quot;, diameter, x, 11.8&quot;H",15.0,False
2022-11-21,17:55:34,home-and-decor,"20""x42"" Cushion Comfort Anti-Fatigue Mat","Ideal, for, kitchen,, laundry, area,, workshop,, and, more&nbsp;, Soft, foam, construction, for, comfort, and, support, Stain-resistant, surface, Available, in, assorted, designs.&nbsp;, Selection, varies, by, store., Dimensions, :, 20&quot;, W, x, 42&quot;, L",6.99,False
2022-11-21,17:55:34,leashes-and-collars,20' Dog Tie Out Cable,"cable, 1700, lb, break, strength, For, dogs, up, to, 100lbs, Tangle-free, Weather, resistant, PVC, coated, aircraft, caliber, Easily, attaches, to, post,, stake, or, dog, run, 20ft",6.99,False
2022-11-21,17:55:34,autumn-essentials,20' x 30' All-Purpose Weather Resistant Tarp,"polyethylene, Polypropylene, rope, around, hem, Rustproof, grommets, Easy, to, clean, Tear-resistant, Superior, all-weather, protection, Cut, size:, 20&#39;, W, x, 30&#39;, L",45.99,False
2022-11-21,17:55:34,autumn-essentials,20' x 40' All-Purpose Weather Resistant Tarp,"Polypropylene, rope, around, hem, Rust, proof, grommets, Easy, to, clean, Tear, resistant, Superior, all, weather, protection, Cut, size:, 20&#39;x40&#39;",65.99,False
2022-11-21,17:55:34,calendars-and-planners,"2022 Cats Themed 16-Month Wall Calendar, 12"" x 12""","Wall, Calendar, 16-month, calendar, 12&quot;, x, 12&quot;, Choose, from, a, wide, selection, of, themes.&nbsp;, Selection&nbsp;may, vary, by, store.",3.99,False
2022-11-21,17:55:34,calendars-and-planners,"2022 Waterfalls Themed 16-Month Wall Calendar, 12"" x 12""","Wall, Calendar, 16-month, calendar, 12&quot;, x, 12&quot;, Choose, from, a, wide, selection, of, themes.&nbsp;, Selection&nbsp;may, vary, by, store.",3.99,False
2022-11-21,17:55:34,calendars-and-planners,"2022-2023 Premiere 17 Month Desk Calendar, 18""","August, 2022, -, December, 2023, 17-Month&nbsp;, Great, for, school,, home,, or, office, Monthly, calendar, in, black, and, white, colors, Comes, in, landscape, orientation, Features, large, lined, writing, area, for, notes, and, to-do, lists, on, each, page, Yearly, reference, calendar, 17, sheets, Dimensions, :, 18&quot;, W, x, 14&quot;, L",3.99,False
2022-11-21,17:55:34,BTS-School-and-Office-Supplies,"2022-2023 Premiere 18 Month Weekly/Monthly Planner with Clasp, 8""","Month, Weekly/Monthly, Planner, with, Clasp, July, 2022, -, December, 2023, Features, important, holidays, and, dates, Includes, pages, for, personal, information, Conversion, Tables, Contact, List, Magnetic, clasp&nbsp;closure, Available, in, assorted, colors.&nbsp;, Selection, varies, by, store., Dimensions, :, 5&quot;, W, x, 8&quot;, L",5.0,False
2022-11-21,17:55:34,calendars-and-planners,"2023 Art of Success Themed 16-Month Wall Calendar, 12""","success, themed, wall, calendar, 2022-2023, 16-month, calendar, Dimensions:, 12&quot;, W, x, 12&quot;, L",3.99,False
2022-11-21,17:55:34,calendars-and-planners,"2023 Baby Animals Themed 16-Month Wall Calendar, 12""","themed, wall, calendar, 2022-2023, 16-month, calendar, Dimensions:, 12&quot;, W, x, 12&quot;, L",3.99,False
2022-11-21,17:55:34,calendars-and-planners,"2023 Baby Goats Themed 16-Month Wall Calendar, 12""","themed, wall, calendar, 2022-2023, 16-month, calendar, Dimensions:, 12&quot;, W, x, 12&quot;, L",3.99,False
2022-11-21,17:55:34,calendars-and-planners,"2023 Bald Eagles Themed 16-Month Wall Calendar, 12""","themed, wall, calendar, 2022-2023, 16-month, calendar, Dimensions:, 12&quot;, W, x, 12&quot;, L",3.99,False
2022-11-21,17:55:34,calendars-and-planners,"2023 Beaches Themed 16-Month Wall Calendar, 12""","wall, calendar, 2022-2023, 16-month, calendar, Dimensions:, 12&quot;, W, x, 12&quot;, L",3.99,False
2022-11-21,17:55:34,calendars-and-planners,"2023 Big Waves and Surf Themed 16-Month Wall Calendar, 12""","&amp;, surf, themed, wall, calendar, 2022-2023, 16-month, calendar, Dimensions:, 12&quot;, W, x, 12&quot;, L",3.99,False
2022-11-21,17:55:34,calendars-and-planners,"2023 Birds Themed 16-Month Wall Calendar, 12""","wall, calendar, 2022-2023, 16-month, calendar, Dimensions:, 12&quot;, W, x, 12&quot;, L",3.99,False
2022-11-21,17:55:34,calendars-and-planners,"2023 Butterflies Themed 16-Month Wall Calendar, 12""","wall, calendar, 2022-2023, 16-month, calendar, Dimensions:, 12&quot;, W, x, 12&quot;, L",3.99,False
2022-11-21,17:55:34,calendars-and-planners,"2023 Cape Cod and The Islands Themed 16-Month Wall Calendar, 12""","and, The, Islands, themed, wall, calendar, 2022-2023, 16-month, calendar, Dimensions:, 12&quot;, W, x, 12&quot;, L",3.99,False
2022-11-21,17:55:34,calendars-and-planners,"2023 Cat Faces Themed 16-Month Wall Calendar, 12""","themed, wall, calendar, 2022-2023, 16-month, calendar, Dimensions:, 12&quot;, W, x, 12&quot;, L",3.99,False
2022-11-21,17:55:34,calendars-and-planners,"2023 Desk Calendar, 22""","13-Month&nbsp;, January, 2023, thru, January, 2024, Monthly, calendar, in, black, and, white, colors, Comes, in, landscape, orientation, Features, additional, space, for, notes, and, to-do, lists, on, each, page, Dimensions:, 22&quot;, W, x, 17&quot;, L",3.99,False
2022-11-21,17:55:34,calendars-and-planners,"2023 Dogs Themed 16-Month Wall Calendar, 12""","wall, calendar, 2022-2023, 16-month, calendar, Dimensions:, 12&quot;, W, x, 12&quot;, L",3.99,False
2022-11-21,17:55:34,calendars-and-planners,"2023 European Cities Themed 16-Month Wall Calendar, 12""","themed, calendar, 2022-2023, 16-month, calendar, Dimensions:, 12&quot;, W, x, 12&quot;, L",3.99,False
2022-11-21,17:55:34,calendars-and-planners,"2023 Famous Artists Themed 16-Month Wall Calendar, 12""","themed, wall, calendar, 2022-2023, 16-month, calendar, Dimensions:, 12&quot;, W, x, 12&quot;, L",3.99,False
2022-11-21,17:55:34,calendars-and-planners,"2023 Fishing Themed 16-Month Wall Calendar, 12""","wall, calendar, 2022-2023, 16-month, calendar, Dimensions:, 12&quot;, W, x, 12&quot;, L",3.99,False
2022-11-21,17:55:34,calendars-and-planners,"2023 Flowers Themed 16-Month Wall Calendar, 12""","wall, calendar, 2022-2023, 16-month, calendar, Dimensions:, 12&quot;, W, x, 12&quot;, L",3.99,False
2022-11-21,17:55:34,calendars-and-planners,"2023 Funny Dogs Themed 16-Month Wall Calendar, 12""","themed, wall, calendar, 2022-2023, 16-month, calendar, Dimensions:, 12&quot;, W, x, 12&quot;, L",3.99,False
2022-11-21,17:55:34,BTS-School-and-Office-Supplies,"2023 Gregorian Diary Planner, 8.5""","Designed, for, daily, organization, 12-month, grids, Time, zone, maps, Area, code, list, Notable, holidays, Notes, section, 3-year&nbsp;overview, Available, in, assorted, colors.&nbsp;, Selection, varies, by, store., Dimensions:, 5.5&quot;, W, x, 8.5&quot;, L",6.0,False
2022-11-21,17:55:34,BTS-School-and-Office-Supplies,"2023 Gregorian Premium Hardcover Monthly Planner, 11""","hardcover, monthly, planner, 14, Month, One, month&nbsp;per, 2-page, spread, Double, spiral, wire-bound, Available, in, assorted, colors.&nbsp;&nbsp;Selection, varies, by, store., Dimensions:, 8.5&quot;, W, x, 11&quot;, L",2.0,False
2022-11-21,17:55:34,BTS-School-and-Office-Supplies,"2023 Gregorian Premium Weekly/Monthly Dated Planner, 6""","weekly/monthly, dated, planner, 12, Month, One, week, per, 2-page, spread, Wirebound, Hardcover&nbsp;, Notes, pages, Available, in, assorted, colors.&nbsp;, Selection, varies, by, store., Dimensions:, 3&quot;, W, x, 6&quot;, L",3.0,False
2022-11-21,17:55:34,BTS-School-and-Office-Supplies,"2023 Gregorian Premium Weekly/Monthly Planner, 8""","weekly/monthly, planner, 12, Month, One, week, per, 2-page, spread, Wirebound, Hardcover&nbsp;, Notes, pages, Available, in, assorted, colors.&nbsp;&nbsp;Selection, varies, by, store., Dimensions:, 5&quot;, W, x, 8&quot;, L",3.0,False
2022-11-21,17:55:34,BTS-School-and-Office-Supplies,"2023 Gregorian Weekly/Monthly Planner, 10.5""","Weekly/Monthly, Planner, Designed, for, daily, organization, 18, Month, grids, Time, zone, maps, Area, code, list, Notes, section, 3-year&nbsp;overview, Helpful, travel, Phone, numbers, Available, in, assorted, colors.&nbsp;, Selection, varies, by, store., Dimensions, :, 7.5&quot;, W, x, 10.5&quot;, L",6.0,False
2022-11-21,17:55:34,calendars-and-planners,"2023 Hawaii Themed 16-Month Wall Calendar, 12""","wall, calendar, 2022-2023, 16-month, calendar, Dimensions:, 12&quot;, W, x, 12&quot;, L",3.99,False
2022-11-21,17:55:34,calendars-and-planners,"2023 Holiday-A-Day Themed 16-Month Wall Calendar, 12""","wall, calendar, 2022-2023, 16-month, calendar, Dimensions:, 12&quot;, W, x, 12&quot;, L",3.99,False
2022-11-21,17:55:34,calendars-and-planners,"2023 Horses Themed 16-Month Wall Calendar, 12""","wall, calendar, 2022-2023, 16-month, calendar, Dimensions:, 12&quot;, W, x, 12&quot;, L",3.99,False
2022-11-21,17:55:34,calendars-and-planners,"2023 Hummingbirds Themed 16-Month Wall Calendar, 12""","wall, calendar, 2022-2023, 16-month, calendar, Dimensions:, 12&quot;, W, x, 12&quot;, L",3.99,False
2022-11-21,17:55:34,calendars-and-planners,"2023 Iceland Themed 16-Month Wall Calendar, 12""","wall, calendar, 2022-2023, 16-month, calendar, Dimensions:, 12&quot;, W, x, 12&quot;, L",3.99,False
2022-11-21,17:55:34,calendars-and-planners,"2023 Ireland Themed 16-Month Wall Calendar, 12""","wall, calendar, 2022-2023, 16-month, calendar, Dimensions:, 12&quot;, W, x, 12&quot;, L",3.99,False
2022-11-21,17:55:34,calendars-and-planners,"2023 Italy Themed 16-Month Wall Calendar, 12""","wall, calendar, 2022-2023, 16-month, calendar, Dimensions:, 12&quot;, W, x, 12&quot;, L",3.99,False
2022-11-21,17:55:34,calendars-and-planners,"2023 Kittens Themed 16-Month Wall Calendar, 12""","wall, calendar, 2022-2023, 16-month, calendar, Dimensions:, 12&quot;, W, x, 12&quot;, L",3.99,False
2022-11-21,17:55:34,calendars-and-planners,"2023 Lighthouses Themed 16-Month Wall Calendar, 12""","wall, calendar, 2022-2023, 16-month, calendar, Dimensions:, 12&quot;, W, x, 12&quot;, L",3.99,False
2022-11-21,17:55:34,calendars-and-planners,"2023 Monet Themed 16 Month Calendar, 12""","calendar, 2022-2023, 16, month, calendar, Dimensions, :, 12&quot;, W, x, 12&quot;, L",3.99,False
2022-11-21,17:55:34,calendars-and-planners,"2023 National Parks themed 16-Month Wall Calendar, 12""","themed, wall, calendar, 2022-2023, 16-month, calendar, Dimensions:, 12&quot;, W, x, 12&quot;, L",3.99,False
2022-11-21,17:55:34,calendars-and-planners,"2023 New England Themed 16-Month Wall Calendar, 12""","themed, wall, calendar, 2022-2023, 16-month, calendar, Dimensions:, 12&quot;, W, x, 12&quot;, L",3.99,False
2022-11-21,17:55:34,calendars-and-planners,"2023 Outhouses Themed 16-Month Wall Calendar, 12""","wall, calendar, 2022-2023, 16-month, calendar, Dimensions:, 12&quot;, W, x, 12&quot;, L",3.99,False
2022-11-21,17:55:34,calendars-and-planners,"2023 Puppies Themed 16-Month Wall Calendar, 12""","wall, calendar, 2022-2023, 16-month, calendar, Dimensions:, 12&quot;, W, x, 12&quot;, L",3.99,False
2022-11-21,17:55:34,calendars-and-planners,"2023 Scenic Landscapes Themed 16-Month Wall Calendar, 12""","themed, wall, calendar, 2022-2023, 16-month, calendar, Dimensions:, 12&quot;, W, x, 12&quot;, L",3.99,False
2022-11-21,17:55:34,calendars-and-planners,"2023 Sloths Themed 16-Month Wall Calendar, 12""","wall, calendar, 2022-2023, 16-month, calendar, Dimensions:, 12&quot;, W, x, 12&quot;, L",3.99,False
2022-11-21,17:55:34,calendars-and-planners,"2023 Space Themed 16-Month Wall Calendar, 12""","wall, calendar, 2022-2023, 16-month, calendar, Dimensions:, 12&quot;, W, x, 12&quot;, L",3.99,False
2022-11-21,17:55:34,calendars-and-planners,"2023 Sunrise Sunsets Themed 16-Month Wall Calendar, 12""","themed, wall, calendar, 2022-2023, 16-month, calendar, Dimensions:, 12&quot;, W, x, 12&quot;, L",3.99,False
2022-11-21,17:55:34,calendars-and-planners,"2023 Tropical Islands 16 Month Calendar, 12""","calendar, 2022-2023, 16, month, calendar, Dimensions, :, 12&quot;, W, x, 12&quot;, L",3.99,False
2022-11-21,17:55:34,calendars-and-planners,"2023 Under the Sea Themed 16-Month Wall Calendar, 12""","Sea, themed, wall, calendar, 2022-2023, 16-month, calendar, Dimensions:, 12&quot;, W, x, 12&quot;, L",3.99,False
2022-11-21,17:55:34,calendars-and-planners,"2023 van Gogh Themed 16-Month Wall Calendar, 12""","themed, wall, calendar, 2022-2023, 16-month, calendar, Dimensions:, 12&quot;, W, x, 12&quot;, L",3.99,False
2022-11-21,17:55:34,calendars-and-planners,"2023 Wild Weather Themed 16-Month Wall Calendar, 12""","themed, wall, calendar, 2022-2023, 16-month, calendar, Dimensions:, 12&quot;, W, x, 12&quot;, L",3.99,False
2022-11-21,17:55:34,calendars-and-planners,"2023 Wildlife Themed 16-Month Wall Calendar, 12""","wall, calendar, 2022-2023, 16-month, calendar, Dimensions:, 12&quot;, W, x, 12&quot;, L",3.99,False
2022-11-21,17:55:34,calendars-and-planners,"2023 Zen Year of Balance Themed 16-Month Wall Calendar, 12""","of, balance, themed, wall, calendar, 2022-2023, 16-month, calendar, Dimensions:, 12&quot;, W, x, 12&quot;, L",3.99,False
2022-11-21,17:55:34,calendars-and-planners,"2023-2024 13 Month Wall Calendar, 11""","January, 2023, -, January, 2024, 13-Months, of, planning, Wirebound, Three, hole, punched, for, hanging, or, for, notebooks, Dimensions:, 11&quot;, W, x, 8&quot;, L",1.0,False
2022-11-21,17:55:34,BTS-School-and-Office-Supplies,"2023-2024 Pocket Planner, 6.5""","Planner, 2-year, planner, Available, in, assorted, designs.&nbsp;, Selection, varies, by, store., Dimensions, :, 3.5&quot;, W, x, 6.5&quot;, L",1.0,False
2022-11-21,17:55:34,binders-and-folders,21 Pocket Expanding File Folder,"Folder, 21, letter, size, pockets, Alphabetical, tabs, Strong, reinforced, edge, Flap, with, elastic, closure, keeps, contents, secure",5.99,False
2022-11-21,17:55:34,10-and-under-spring-and-summer-deals,"21""x34"" Indoor and Outdoor Buffalo Check Rug","outdoor, Buffalo, Check, rug, Ultra-durable, rug, made, of, PET, polyester, to, withstand, the, elements, and, resist, stains,, spills,, mold,, and, mildew., They, are, as, versatile, as, they, are, beautiful., Anti-slip, back, Indoor, and&nbsp;outdoor, use, 100%, PET, polyester, Nonskid&nbsp;latex, backing, Made, in, India, Available, in, assorted, colors.&nbsp;&nbsp;Selection, varies, by, store, 21&quot;, W, x, 34&quot;, L",7.99,False
2022-11-21,17:55:34,_prodDefaultCategory0,"21""x60"" Indoor and Outdoor Buffalo Check Rug","outdoor, Buffalo, Check, rug, Ultra-durable, rug, made, of, PET, polyester, to, withstand, the, elements, and, resist, stains,, spills,, mold,, and, mildew., They, are, as, versatile, as, they, are, beautiful., Anti-slip, back, Indoor, and&nbsp;outdoor, use, 100%, PET, polyester, Nonskid&nbsp;latex, backing, Made, in, India, Available, in, assorted, colors.&nbsp;&nbsp;Selection, varies, by, store., 21&quot;, W, x, 60&quot;, L",12.99,False
2022-11-21,17:55:34,Health,"22"" Bandana","Available, in, assorted, colors., Assortment&nbsp;varies, by, store.",1.0,False
2022-11-21,17:55:34,snow-removal,"22"" Snow Brush and Ice Scraper","and, ice, scraper, 22&quot;L",4.0,False
2022-11-21,17:55:34,_prodDefaultCategory0,"23"" LED Color Changing Umbrella with Flashlight","Color, Changing, Umbrella, with, Flashlight&nbsp;, Solid, black, fabric, with, reflective, strip, Lifetime, of, lighting:, 5,000, hours&nbsp;, Requires, 3, AAA, batteries,, included&nbsp;, 23&quot;L",6.99,False
2022-11-21,17:55:34,_prodDefaultCategory0,"23"" Stacked Granite Fountain","Fountain, Pump,, LED, light,, and, basin, included&nbsp;, Color, :, Beige, Overall, dimensions, :, 23&quot;H, x, 14&quot;W, Weight, :, 57, lbs",299.99,False
2022-11-21,17:55:34,camping,24 Lumen LED Mini Camping Lantern,"lantern, 24, Lumens, LED, Dimmer, switch, 360&deg;, Illumination, Easy, grip, rubber, construction&nbsp;, Fold, away, carry, handle, ABS, body, and, reflector, Requires, three, AA, batteries,, included&nbsp;, Available, in, assorted, colors., Selection, varies, by, store.",4.99,False
2022-11-21,17:55:34,storm-preparation,"24"" Bungee Cords, 2-Count","9MM&nbsp;, Made, from, 10%, Virgin, Rubber, Polypropylene, fabric, covering, Color:, Blue, Dimensions, (each, cord):, 24&quot;, L, 2-count",1.99,False
2022-11-21,17:55:34,_prodDefaultCategory0,"24"" Deck Rail Resin Planter in Green","Rail, Resin, Planter, in, Green, 24&quot;L&nbsp;",12.99,False
2022-11-21,17:55:34,10-and-under-spring-and-summer-deals,"24"" Plastic Leaf Rake with Foam Grip Handle","leaf, rake, Foam, grip, handle",9.0,False
2022-11-21,17:55:34,_prodDefaultCategory0,"24"" Single Stem Plant Support","Stem, Plant, Support&nbsp;, 4.8MM, vinyl, coated, wire&nbsp;, Color:, Green, 2.25&quot;, loop, 24&quot;H",1.5,False
2022-11-21,17:55:34,autumn-essentials,"24"" Steel Tine Leaf Rake with Foam Grip Handle","tine, leaf, rake, Foam, grip, handle",14.0,False
2022-11-21,17:55:34,garden-tools-and-equipment,"24"" Universal Railing Planter","Railing, Planter, Designed, to, fit, two, railing, sizes:, 2&quot;x4&quot;, and, 2&quot;x6&quot;, Easy, to, remove, drain, plugs",12.99,False
2022-11-21,17:55:34,_prodDefaultCategory0,"24"" Window Box with Attached Saucer","Box, with, Attached, Saucer&nbsp;, Color:, Terracota, 24&quot;W&nbsp;",9.0,False
2022-11-21,17:55:34,_prodDefaultCategory0,"24"" x 60"" Multi-Purpose Washable Runner","runner, Great, for, dorms,, entryways,, kitchens,, laundry, rooms, and, more, Non-slip, latex, backing, Machine, washable, Stain-resistant, Low, profile, 100%, Polypropylene, Made, in, Egypt, Available, in, assorted, colors., Selection, varies, by, store., 24&quot;, W, x, 60&quot;, L",8.99,False
2022-11-21,17:55:34,Test-Collection,"24""x24"" Puppy Pads with Odor Eliminators, 50-Count","w/Odor, eliminators, Tear-resistant, Soft, quilted, surface, absorbs, moisture, &amp;, controls, odors, Protects, floor, with, leak-resistant, bottom, Attracts, puppies, Eliminates, odors, Protects, floors, 24&quot;, W, X, 24&quot;, L, 50-count",12.99,False
2022-11-21,17:55:34,pet-supplies,"24""x24"" Puppy Pads with Odor Eliminators, 50-Count","with, Odor, Eliminators, Attracts, puppies, Eliminates, odors, Protects, floors, Tear-resistant, Soft, quilted, surface, Protects, floors, with, leak-resistant, bottom, 50-count, Overall, dimensions, :, 24&quot;, W, x, 24&quot;, L",12.99,False
2022-11-21,17:55:34,_prodDefaultCategory0,"24""x36"" Printed Coir Doormat with Vinyl Backing","Doormat, with, vinyl, backing, All-natural, coconut, fibers&nbsp;, 100%, Eco-friendly&nbsp;, Anti-slip, vinyl, backing, Traps, dirt,, debris,, and, moisture, Available, in, assorted, designs., Selection, varies, by, store., 24&quot;, W, x, 36&quot;, L",14.0,False
2022-11-21,17:55:34,boot-trays-and-door-mats,"24""x39"" Rubber Scroll Doormat","doormat, Non-slip&nbsp;, Moisture, absorbing, 24&quot;, W, x, 39&quot;, L",12.0,False
2022-11-21,17:55:34,doormats,"24""x48"" Multi-Purpose Washable Accent Rug","rug, Great, for, dorms,, entryways,, kitchens,, laundry, rooms,, and, more, Non-slip, latex, backing, Machine, washable, Stain-resistant, Low, profile, 100%, Polypropylene, Made, in, Egypt, Available, in, assorted, colors., Selection, may, vary, by, store., 24&quot;, W, x, 48&quot;, L",8.99,False
2022-11-21,17:55:34,electrical,25' 12/3 Heavy-Duty Outdoor Extension Cord with Lighted Ends,"extension, cord, with, lighted, ends, Oil, and, water-resistant, Ultra, flexible, Medium, duty, 12/3, Gauge, 25&#39;, L",24.99,False
2022-11-21,17:55:34,autumn-essentials,25' x 45' All-Purpose Weather Resistant Tarp,"polyethylene, Polypropylene, rope, around, hem, Rustproof, grommets, Easy, to, clean, Tear-resistant, Superior, all-weather, protection, Cut, size:, 25&#39;, W, x, 45&#39;, L",76.99,False
2022-11-21,17:55:34,_prodDefaultCategory0,"26"" x 60"" Ribbed Runner with Skid-Resistant Backing","Ribbed, construction, traps, dirt, and, moisture, in, recessed, channels, Durable,, stain, and, fade, resistant, needle, punch, carpet-top, Skid-resistant, latex, gel, backing, Low-profile, design, won&#39;t, get, in, the, way, of, doors&nbsp;, Polyester, face,, latex, gel, backing, Available, in, assorted, colors., Selection, varies, by, store., 26&quot;W, &nbsp;x, 60&quot;L",10.0,False
2022-11-21,17:55:34,_prodDefaultCategory0,"26"" x 69' Diamond Indoor Carpet Runner","Carpet, Runner, Sisal, style, woven&nbsp;surface, is, ideal, for, high-traffic, areas,, including, staircases&nbsp;, Anti-skid, gel, foam, backing, Polyolefin, fibers, are, stain, resistant&nbsp;, Color, :, Black, with, diamond, design, Overall, dimensions, :, 26&quot;W, x, 69&#39;L&nbsp;",199.99,False
2022-11-21,17:55:34,10-and-under-spring-and-summer-deals,"27"" Flip-Flop Wind Chime","chime, Use, indoor, or, outdoor, Available, in, assorted, styles.&nbsp;, Selection, varies, by, store., 27&quot;, L",9.99,False
2022-11-21,17:55:34,_prodDefaultCategory0,"27""x45"" Indoor and Outdoor Buffalo Check Rug","outdoor, Buffalo, Check, rug, Ultra-durable, rug, made, of, PET, polyester, to, withstand, the, elements, and, resist, stains,, spills,, mold,, and, mildew., They, are, as, versatile, as, they, are, beautiful., Anti-slip, back, Indoor, and&nbsp;outdoor, use, 100%, PET, polyester, Nonskid&nbsp;latex, backing, Made, in, India, Available, in, assorted, colors.&nbsp;, Selection, varies, by, store., 27&quot;, W, x, 45&quot;, L",12.99,False
2022-11-21,17:55:34,firepits,"29"" Deep Round Fire Pit with Dome Shaped Screen Protector","fire, pit&nbsp;, Includes, dome-shaped, screen, protector,, crossbar, grid,, and, fire, tool, High-temperature, paint, finish&nbsp;, Lattice, pattern, design, Steel, leg, base, construction&nbsp;, Dimensions:, 34.75, in, diameter, x, 29&quot;, D, x, 27&quot;, H",79.99,False
2022-11-21,17:55:34,_prodDefaultCategory0,"29"" x 46"" Heavy Duty Rubber Doormat","Rubber, Doormat&nbsp;, Woven, carpet, design, fits, any, decor, Traps, dirt, and, water, Durable, recycled, rubber, backing, Use, indoors, or, outdoors, 29&quot;, W&nbsp;x, 46&quot;, L, Color:, Pewter",14.99,False
2022-11-21,17:55:34,_prodDefaultCategory0,2Boom Bluetooth Portable Twister Wireless Speaker,"wireless, speaker, with&nbsp;, microphone, Deep, Digital, Bass, Colorful, Light, FX, FM, Radio, SD, card, slot, USB, slot",19.99,False
2022-11-21,17:55:34,electronics,2BOOM Boom Go Portable Bluetooth Speaker,"USB, charger, and, built-in, battery, Link, devices, via, AUX, cable, Built, in, Micro, Deep, bass, Hands, free, talking, Rubber, exterior, Bluetooth, 4.0, Working, range:, 10, yds, Playing, time:, 1, -, 2, Hours&nbsp;, Available, in&nbsp;, Black,, Red,, White,, Blue,, and, Rose, Gold., Assortment, may, vary, by, store.&nbsp;, 8.5&quot;L, x, 2.25&quot;W, x, 2.75&quot;H&nbsp;",9.99,False
2022-11-21,17:55:34,cell-phone-accessories,2BOOM Over Ear Wired Stereo Headphones with Mic,"offers, maximum, comfort,, while, the, noise, isolation, allows, you, to, block, out, any, distractions, The, full, range, drivers, provide, deep,, enhanced, lows,, while, retaining, clean, mids, and, crisp, highs, Take, calls, on, the, go,, at, your, desk, or, in, the, studio, with, the, hands, free, inline, microphone, 1.5M, cable, Available, in, Black,, White,, Blue,, Red, and, Purple., Assortment, may, vary, by, store.",5.99,False
2022-11-21,17:55:34,_prodDefaultCategory0,2Boom Roam Air True Wireless Bluetooth Earphones,"Earphones, Built-in, microphone, Includes, Charging, Case",9.99,False
2022-11-21,17:55:34,furniture,"3 Cube Bookcase, White","bookcase, Color:, white, 12&quot;, W, x, 11&quot;, D, x, 35&quot;, H",24.99,False
2022-11-21,17:55:34,10-and-under-spring-and-summer-deals,3 Gallon Planter Bag,"allows, roots, to, breathe, Boosts, plant, growth, and, yields, Fabric, pots, offer, better, drainage, 11&quot;&nbsp;x, 10&quot;&nbsp;",4.99,False
2022-11-21,17:55:34,cell-phone-accessories,"3 in 1 USB Charge and Sync Cable, 10 ft","1, USB, Charge, and, Sync, 10, ft",6.99,False
2022-11-21,17:55:34,cell-phone-accessories,"3 in 1 USB Charge and Sync, 3 ft","1, USB, Charge, and, Sync, Micro, USB, Apple, Type, C, 3, ft",4.99,False
2022-11-21,17:55:34,electrical,3 Outlet Household Extension Cord,"3-Outlet, household, extension, cord, Turns, one, outlet, into, three, Features, child, safety, outlet, cover",3.29,False
2022-11-21,17:55:34,BTS-School-and-Office-Supplies,"3 Subject College Ruled Spiral Notebook, 120 Sheets","College, ruled&nbsp;, 3, Subject, Available, in, assorted, colors., Selection, varies, by, store.&nbsp;, Dimensions:, 8&quot;, W, x, 10.5&quot;, L, 120, sheets",1.5,False
2022-11-21,17:55:34,BTS-School-and-Office-Supplies,"3 Subject Wide Ruled Spiral Notebook, 120 Sheets","Wide, ruled, Available, in, assorted, colors., Selection, varies, by, store.&nbsp;, Dimensions:, 8&quot;, W, x, 10.5&quot;, L, 120, sheets&nbsp;",1.5,False
2022-11-21,17:55:34,storage,"3 Tier Large Wire Rolling Cart, 33""","Large, Wire, Rolling, Cart, Durable, polyethylene, finish, will, not, chip, or, rust, Heavy, gauge, welded, steel, construction, Durable, nylon, wheels, Patented, assembly, (no, tools, required), Made, in, Italy, Color, :, white, Dimensions, :, 25&quot;, W, x, 12.2&quot;, D, x, 33&quot;, H",29.99,False
2022-11-21,17:55:34,storage,"3 Tier Rolling Wire Cart, 16.25""W x  9""D x 25""H","Rolling, Wire, Cart, Small, 16.25&quot;W&nbsp;x&nbsp;, 9&quot;D&nbsp;x, 25&quot;H, White",16.99,False
2022-11-21,17:55:34,_prodDefaultCategory0,"3 Tier Slim Wire Rolling Rack, 33""","Slim, Wire, Rolling, Rack, Durable, polyethylene, finish, will, not, chip, or, rust, Heavy-gauge, welded, steel, construction, Durable, nylon, wheels, Made, in, Italy, Assembled, dimensions:, 22&quot;, W, x, 9&quot;, D, x, 33&quot;, H",21.99,False
2022-11-21,17:55:34,10-and-under-spring-and-summer-deals,"3"" Biodegradable Seed Starting Jiffy-PotsÂ®, 22-pots","starting, pots, Perfect, for, vegetables,, herbs,, and, flowers, Natural, &amp;, organic, peat, OMRI, listed, Easy, 3-step, process, Zero, root, shock,, roots, grow, through, pot, 22-peat, pots, 3&quot;, in, diameter, x, 3&quot;, H",4.0,False
2022-11-21,17:55:34,_prodDefaultCategory0,"3"" Reflectors, 2-Count","Break-resistant, Easy, to, mount, Acrylic, construction, Self-adhesive, backing, 2-count",2.99,False
2022-11-21,17:55:34,autumn-essentials,"3"" Self-Adhesive Reflectors, 2-Pack","Reflectors, Break-resistant, Easy, to, mount, Acrylic, construction, Self-adhesive, backing, Color:, Red&nbsp;, 2-pack",2.99,False
2022-11-21,17:55:34,electrical,3' 6 Outlet Power Strip,"6, Outlet, power, strip&nbsp;, UL, Listed, Color:, White&nbsp;",4.49,False
2022-11-21,17:55:34,christmas-trees-and-trim,"3' Artificial Christmas Tree, 91 Branch Tips","tree, 91, Branch, tips,, 5.5&quot;-10&quot;L&nbsp;, Tree, stand, included, with, three, legs, 12.7MM, Pole, diameter, 3&#39;H",6.99,False
2022-11-21,17:55:34,10-and-under-spring-and-summer-deals,"3' Bamboo Plant Stakes, 20 Pack","stakes, Ideal, for, annuals, perennials, vegetables, small, shrubs, and, climbing, plants, 20, pack",3.0,False
2022-11-21,17:55:34,lawn-and-garden,3' Metal Plant Stake,"stake, Green, vinyl-coated, steel, 3&#39;, L",1.25,False
2022-11-21,17:55:34,autumn-essentials,3' x 4' Scraper Entrance Mat,"traps, dirt, and, moisture, in, recessed, channels, Durable,stain, and, fade, resistant, needlepunch, carpet-top, Non-skid, backing, Low-profile, design, won&#39;t, get, in, the, way, of, doors&nbsp;, Available, in, assorted, colors., Assortment, may, vary, by, store., 3&#39;W, x, 4&#39;L",10.0,False
2022-11-21,17:55:34,_prodDefaultCategory0,3' x 50' Weed Control Fabric,"fabric, Helps, suppress, weeds, around, flower, beds,, trees, and, shrubs, Fabric, allows, air, and, water, to, pass, through, for, healthy, soil, Cover, with, mulch,, bark, or, stone, for, an, attractive, finish, 3&#39;W, x, 50&#39;L",12.0,False
2022-11-21,17:55:34,art-supplies,3-4 Yard Upholstery Fabric,"Available, in, assorted, colors, and, paterns.&nbsp;, Selection, varies, by, store., 3-4, yds",6.0,False
2022-11-21,17:55:34,hardware,3-Arm Multi-Directional LED Light,"multi-directional, LED, light, Adjustable, light, panels, fold, 90&deg;, Compatible, with, E27, regular, light, socket, 15W, per, panel, /, 45W, total, 50,000, hour, LED, 6,000, Lumens",14.99,False
2022-11-21,17:55:34,boss-back-to-campus,"3-Drawer Storage Tower, Gray","Tower,, Gray, Mfg, #:&nbsp;STO08796, 3, easy-glide, drawers, offer, hideaway, space, for, items, to, de-clutter, your, room, 19, in, x, 12.5, in, top, surface, perfect, for, a, lamp,, books,, or, a, picture, frame, Fabric:, polyester, and, non-woven,, frame:, steel, +, wood, accents, Overall, dimensions, :, 19&quot;W, x, 32&quot;H, x, 12.5&quot;D, Box, dimensions, :, 27.95&quot;L, x, 18.31&quot;W, x, 4.92&quot;H",79.99,False
2022-11-21,17:55:34,buy-online,"3-Person Outdoor Swing, Beige","Swing,, Beige, Mfg, #:&nbsp;HJ-SW-017, Adjustable, roof, canopy, Steel, frame, Includes, cushions, Store, during, winter, 3-seater&nbsp;, Jacquard, fabric, Overall, dimensions, :, 48&quot;L, x, 80&quot;W, x, 66&quot;H&nbsp;, Box, dimensions, :, 76&quot;L, x, 12&quot;W, x, 12&quot;H",499.99,False
2022-11-21,17:55:34,buy-online,"3-Piece Cast Aluminum Outdoor Bistro Set with Leaf Design, White","Aluminum, Outdoor, Bistro, Set, with, Leaf&nbsp;Design,, White, Mfg, #:&nbsp;YHFHW020-W, Cast, aluminum, and, cast, iron, frame, Leaf, design, Weather-resistant,, powder-coated, finish, Features, 2, chairs, and, a, small, round, bistro, table, with, an, umbrella, hole, This, compact, set, is, the, perfect, addition, to, any, patio,, balcony,, or, small, porch, Color, :, White, Weight, capacity, :, 200, lbs, per, chair, Overall, dimensions, :&nbsp;, Chair:, 33.23&quot;H, x, 18&quot;L, Table:, 26.57&quot;H, x, 23.62&quot;, dia., Umbrella, hole:, 1.8&quot;, dia.",199.99,False
2022-11-21,17:55:34,buy-online,"3-Piece Cast Aluminum Outdoor Bistro Set with Rose Design, Black","Aluminum, Outdoor, Bistro, Set, with, Rose, Design,, Black, Mfg, #:&nbsp;YHFHW019-B, Cast, aluminum, and, cast, iron, frame, Rose, design, Weather-resistant,, powder-coated, finish, Features, 2, chairs, and, a, small, round, bistro, table, with, an, umbrella, hole, This, compact, set, is, the, perfect, addition, to, any, patio,, balcony,, or, small, porch, Color, :, Black, Weight, capacity, :, 200, lbs, per, chair, Overall, dimensions, :&nbsp;, Chair:, 33.23&quot;H, x, 18&quot;L, Table:, 26.57&quot;H, x, 23.62&quot;, dia., Umbrella, hole:, 1.8&quot;, dia.",199.99,False
2022-11-21,17:55:34,buy-online,"3-Piece Cast Aluminum Outdoor Bistro Set with Rose Design, White","Aluminum, Outdoor, Bistro, Set, with, Rose, Design,, White, Mfg, #:&nbsp;YHFHW019-W, Cast, aluminum, and, cast, iron, frame, Rose, design, Weather-resistant,, powder-coated, finish, Features, 2, chairs, and, a, small, round, bistro, table, with, an, umbrella, hole, This, compact, set, is, the, perfect, addition, to, any, patio,, balcony,, or, small, porch, Color, :, White, Weight, capacity, :, 200, lbs, per, chair, Overall, dimensions, :&nbsp;, Chair:, 33.23&quot;H, x, 18&quot;L, Table:, 26.57&quot;H, x, 23.62&quot;, dia., Umbrella, hole:, 1.8&quot;, dia.",199.99,False
2022-11-21,17:55:34,buy-online,"3-Piece Cast Aluminum Outdoor Bistro Set with Tulip Design, Black","Aluminum&nbsp;Outdoor, Bistro, Set, with, Tulip, Design,, Black, Mfg, #:&nbsp;YHFHW001-B, Cast, aluminum, and, cast, iron, frame, Tulip, design, Weather, resistant, powder, coated, finish, Featuring, 2, chairs, and, a, small, round, bistro, table, with, an, umbrella, hole, With, its, small, footprint,, this, compact, set, is, the, perfect, addition, to, any, patio,, balcony,, or, small, porch, Assembly, required, Color, :, Black, Weight, capacity, (per, chair):, 200, lbs, Overall, dimensions, :, Chair:, 33.2&quot;H, x, 14.6&quot;D&nbsp;, Table:, 23.6&quot;W, x, 25.4&quot;H, Box, dimensions, :, 25.98&quot;L, x, 25.98&quot;W, x, 5.91&quot;H",199.99,False
2022-11-21,17:55:34,buy-online,"3-Piece Cast Aluminum Outdoor Bistro Set with Tulip Design, White","Aluminum, Outdoor, Bistro, Set, with, Tulip&nbsp;Design,, White, Mfg, #:&nbsp;HFHW001-W2, Features, 2, small, chairs, and, a, small, round, bistro, table, with, an, umbrella, hole, This, compact, set, is, the, perfect, addition, to, any, patio,, balcony,, or, small, porch, Cast, aluminum, and, cast, iron, frame, Tulip, design, Adjustable, foot, pads, Weather-resistant, and, powder-coated, finish, Color, :, White, Weight, capacity, (per, chair):, 200, lbs, Overall, dimensions, :, Table, dimensions:, 24&quot;, dia.&nbsp;x, 25.3&quot;H, Chair, dimensions:, 16&quot;L&nbsp;x, 16&quot;W, x, 33.3&quot;H, Umbrella, hole:, 1.8&quot;",199.99,False
2022-11-21,17:55:34,buy-online,"3-Piece Cast Aluminum Outdoor Bistro Set with Rose Design, Bronze","Aluminum, Outdoor, Bistro, Set, with&nbsp;Rose, Design,, Bronze, Mfg, #:&nbsp;YHFHW017-B, Features, 2, small, chairs, and, a, small, round, bistro, table, with, an, umbrella, hole, This, compact, set, is, the, perfect, addition, to, any, patio,, balcony,, or, small, porch, Cast, aluminum, and, cast, iron, frame, Rose, design, Adjustable, foot, pads, Weather-resistant, and, powder-coated, finish, Color, :, Bronze, Weight, capacity, (per, chair):, 200, lbs, Overall, dimensions, :, Table, dimensions:, 24&quot;, dia.&nbsp;x, 25.3&quot;H, Chair, dimensions:, 16&quot;L&nbsp;x, 16&quot;W, x, 33.3&quot;H, Umbrella, hole:, 1.8&quot;",199.99,False
2022-11-21,17:55:34,buy-online,"3-Piece High Bar Set, Dark Blue","Bar, Set,, Dark, Blue&nbsp;, The, 3, pieces, contained, within, this, set, are, composed, of&nbsp;, resin, rattan,, making, for, a, modern, and, fashionable, look, Resin, rattan, material, is, relatively, lightweight,, so, this, bar, set, can, easily, be, moved, to, your, choice, of, setting, Patio, set, cushions, are, soft,, and, backrest, provides, comfortable, support, Powder-coated, steel, frame, of, bar, seats, are, rust-resistant,, and, hand-knitted, weather-resistant, ultraviolet, nylon, will, not, fade, Breathable, polyester, waterproof, fabric, is, cool, to, touch, and, ensures, an, enjoyable, outdoor, experience, for, all, four, seasons, Bar, table, is, made, of, tempered, glass, Easy, to, clean&nbsp;, Comes, in, 2, boxes, Overall, dimensions, :&nbsp;, Table, dimensions:, 27.5&quot;W, x, 38.5&quot;H, x, 17&quot;D, Chair, dimensions:, 23&quot;W, x, 40&quot;H, x, 20&quot;D, Box, 1, dimensions, :, 28.35&quot;L, x, 2&quot;H, x, 28.35&quot;W, Box, 2, dimensions, :, 45.67&quot;L, x, 9.84&quot;H, x, 21.65&quot;W",279.99,False
2022-11-21,17:55:34,buy-online,"3-Piece Patio Chaise Lounge Set, Blue","Chaise, Lounge, Set,, Blue, Mfg, #:&nbsp;A8985RYB22, Our, pool, chaise, lounge, chair, set, is, made, with, a, powder-coated, steel, frame., The, back, and, seat, are, made, of, breathable, and, quick-drying, fabric, Textilene, material., Materials, are, durable, and, easy, to, maintain, to, ensure, long-lasting, use, The, backrest, of, this, patio, chaise, lounge, is, slightly, curved, to, provide, better, support, for, the, body.&nbsp;, With, its, 5-position, adjustable, back,, you&#39;re, able, to, change, the, chaise, lounge, into, whichever, position, you&#39;d, like., Moreover,, smooth, armrests, provide, reliable, support,, which, gives, you, more, opportunity, to, enjoy, leisure, time, with, your, friends, and, family., The, back, and, seat, fabric, are, made, of, UV-resistant,, breathable,, Textilene, fabric, for, long-lasting, use., Water, and, oil-proof,, quick-drying,, and, easy, maintenance, Package, includes, all, the, tools, and, hardware, needed, for, assembly, Color:, Blue, Comes, in, two, boxes, Overall, dimensions, :, Chair, dimensions:, 22&quot;W, x, 62&quot;D, x, 39&quot;H, Fully, reclined:, 22&quot;W, x, 75.7&quot;D, Table, dimensions:, 17.8&quot;W, x, 17.8&quot;D, x, 19&quot;H, Box, 1, dimensions, :, 33.46&quot;L, x, 7.28&quot;W, x, 25.2&quot;H, Box, 2, dimensions, :&nbsp;33.46&quot;L, x, 7.28&quot;W, x, 25.2&quot;H, Total, box, weight, :, 78, lbs&nbsp;",279.99,False
2022-11-21,17:55:34,buy-online,"3-Piece Patio Chaise Lounge Set, Brown","Chaise, Lounge, Set,, Brown, Mfg, #:&nbsp;A2329BRN22, Our, pool, chaise, lounge, chair, set, is, made, with, a, powder-coated, steel, frame., The, back, and, seat, are, made, of, breathable, and, quick-drying, fabric, Textilene, material., Materials, are, durable, and, easy, to, maintain, to, ensure, long-lasting, use, The, backrest, of, this, patio, chaise, lounge, is, slightly, curved, to, provide, better, support, for, the, body.&nbsp;, With, its, 5-position, adjustable, back,, you&#39;re, able, to, change, the, chaise, lounge, into, whichever, position, you&#39;d, like., Moreover,, smooth, armrests, provide, reliable, support,, which, gives, you, more, opportunity, to, enjoy, leisure, time, with, your, friends, and, family., The, back, and, seat, fabric, are, made, of, UV-resistant,, breathable,, Textilene, fabric, for, long-lasting, use., Water, and, oil-proof,, quick-drying,, and, easy, maintenance, Package, includes, all, the, tools, and, hardware, needed, for, assembly, Color:, Brown, Chair, dimensions:, 22&quot;W, x, 62&quot;D, x, 39&quot;H, Fully, reclined:, 22&quot;W, x, 75.7&quot;D, Table, dimensions:, 17.8&quot;W, x, 17.8&quot;D, x, 19&quot;H, Comes, in, 2, boxes, Box, 1, dimensions:, 33.46&quot;L, x, 7.28&quot;W, x, 25.2&quot;H, Box, 2, dimensions:&nbsp;33.46&quot;L, x, 7.28&quot;W, x, 25.2&quot;H, Combined, weight, of, boxes:, 78, lbs&nbsp;",279.99,False
2022-11-21,17:55:34,buy-online,"3-Piece Resin Wicker Bar Set, Beige","Wicker, Bar, Set,, Beige, Mfg, #:&nbsp;AW235-MIX-BGE, Features, a, square, design, Includes, two, square, stools, with, matching, square, bar, Square, stools, can, conveniently, be, put, under, the, bar, for, space-saving, purposes, Comes, with, two, shelves, with, ample, storage, space,, ideal, for, wine, or, other, serving, dishes, Bar, set, doubles, as, a, dining, set, for, two, The, simple, and, classical, design, makes, this, bar, set, the, perfect, piece, of, decor, for, any, indoor, or, outdoor, space, such, as, the, lawn,, poolside,, garden,, or, the, balcony&nbsp;, Outdoor, bar, table, and, stools, have, rubber, feet, protectors&nbsp;, Streamline, edge, is, designed, to, prevent, your, arm, from, scratching, against, the, resin, wicker, surface, Easy, assembly&nbsp;, Overall, dimensions, :, Bar, table:, 39.37&quot;D, x, 22.84&quot;W, x, 39.37&quot;H&nbsp;, Bar, chair:, 14.97&quot;D, x, 14.97&quot;W, x, 28.35&quot;H, Weight, :, 61.73, lbs&nbsp;, Box, dimensions, :, 23.23&quot;L, x, 11.02&quot;W, x, 40.55&quot;H",299.99,False
2022-11-21,17:55:34,buy-online,"3-Piece Soft-Sided Luggage Set with 20"", 24"", & 28"" Suitcases, Black/Gray","Luggage, Set, with, 20&quot;,, 24&quot;,, &amp;, 28&quot;, Suitcases,, Black/Gray, 8-Wheel, Spinner, Expandable, Recessed, Wheels, Whole, Iron, Handle, System, Stretchable, Cross, Strap, Interior, Inside, Zippered, Wet, Pocket, &amp;, Zippered, Mesh, Pocket, 20&quot;, suitcase&nbsp;expands, 1.5&quot;, 24&quot;, suitcase, expands, 1.5&quot;, 28&quot;, suitcase, expands, 2.0&quot;, Color, :&nbsp;Black, Body, with, Gray, Trim, Overall, dimensions, :, Suitcase, 1:, 20&quot;H, x, 13.5&quot;W&nbsp;x, 7.5&quot;D, +, 1.5&quot;, expandable&nbsp;, Suitcase, 2:, 24&quot;H, x, 16&quot;W&nbsp;x, 8.75&quot;D, +, 1.5&quot;, expandable, Suitcase, 3:, 28&quot;H, x, 18&quot;W&nbsp;x, 10&quot;D, +, 2.0&quot;, expandable",180.0,False
2022-11-21,17:55:34,buy-online,"3-Piece Wicker Patio Set, Light Brown","Patio, Set,, Light, Brown, Mfg, #:&nbsp;TJ2211MBR11, Our, outdoor, table, is, designed, for, convenient, storage, The, table, features, a, black, tempered, glass, top, and, a, shelf, below, for, additional, storage., Its, two-layer, design, allows, the, coffee, table, to, hold, more, things, Fully, assembled;, no, assembly, required, Set, contains&nbsp;2, chairs, and, a, rectangular&nbsp;bistro, table, to, place, small, decor, and, beverages,, suitable, for, conversations, with, friends., There, is, also, a, small, shelf, on, the, table, to, store, items,, from, coasters, and, mugs, to, knick-knacks, and, other, decorations, Made, with, a, sturdy, steel, frame, and, wrapped, in, handwoven, PE, rattan., Strong, steel, frame, and, non-slip, feet, support, stability, and, balance, of, chair, Decorative&nbsp;pillows, not, included, Color:, Light, Brown, Table:, 26.4&quot;L, x, 19.7&quot;W, x, 28.3&quot;H, Chair, 1:, 20.1&quot;L, x, 16.5&quot;W, x, 27.2&quot;H, Chair, 2:, 20.1&quot;L, x, 14.2&quot;W, x, 27.2&quot;H, Weight, capacity:, 250, lbs, Please, note:, Chairs, are, of, slightly, different, sizes, for, space-saving, purposes, Assembly, required, &nbsp;, This, item, arrives, in, oversized, packaging, and, may, not, fit, in, smaller, vehicles., Some, customers, may, find, this, item, to, be, too, heavy, to, move, without, assistance, from, a, friend., Please, plan, accordingly, when, coming, to, the, store, to, pick, up, this, item.&nbsp;",249.99,False
2022-11-21,17:55:34,_prodDefaultCategory0,3-Seat Velvet Sectional Sofa Bed,"Sectional, Sofa, Bed, Mfg, #:&nbsp;SCT-01B, Tufted, back, and, seat, with, velvet, fabric&nbsp;create, a, classic, mid-century, modern, style, with&nbsp;comfortable, and, practical, design, collision, This, sofa, can, easily, be, converted, into, a, bed, by, laying, down, the, backrest, When, used, as, a, bed,, armrests, on, both, sides, can, be, removed,, so, there, are, no, obstructions, when, sleeping, Space-saving, design, allows, you, to, make, full, use, of, every, corner, Easy, to, assemble, Overall, dimensions, :, 34.25&#39;&#39;H, x, 70.85&#39;&#39;W, x, 20.5&#39;&#39;D, Seat, dimensions:&nbsp;13&#39;&#39;H, x, 20.5&#39;&#39;D, Mattress, dimensions:&nbsp;64&#39;&#39;W, x, 38.5&#39;&#39;D, Fully, Reclined, Depth, -, Front, to, Back:, 38.5&#39;&#39;, Weight, :, 56.76, lbs, Box, dimensions, :, 64.96&quot;L, x, 39.17&quot;W, x, 6.3&quot;H",399.99,False
2022-11-21,17:55:34,household,3-Tier Corner Shelf Organizer,"Shelf, Organizer, Create, space, in, the, corner, of, the, pantry,, countertop,, or, cupboard, Non-slip, base, keeps, items, secure, Dimensions:, 16.5:, W, x, 11.7&quot;, L, x, 3.5&quot;, H",5.99,False
2022-11-21,17:55:34,storage,3-Tier Household Wire Shelving,"shelving&nbsp;, Easy, no-tool, assembly, Features, 3, adjustable, shelves, Adjustable, feet, for, leveling, Durable, steel, construction, Finish:, Black, Weight, Capacity:, 250, lbs, per, shelf&nbsp;, (750&nbsp;lbs, total), Overall, dimensions, :, 23&quot;, W, x, 13&quot;, D, x, 30&quot;, H, Box, dimensions:, 13.4&quot;, W, x, 4.6&quot;, D, x, 25&quot;, H, Box, weight, :, 11.6, lbs",24.99,False
2022-11-21,17:55:34,kitchen,3-Tier Kitchen Corner Shelf Organizer,"Corner, Shelf, Organizer, Create, space, in, the, pantry,, cupboard, or, on, the, countertop, Made, from, durable, plastic, Non-slip, base, Size:, 16.5&quot;, x, 11.81&quot;, x, 3.5&quot;H",4.99,False
2022-11-21,17:55:34,kitchen,3-Tier Non-Skid Kitchen Shelf Organizer,"Kitchen, Shelf, Organizer, Create, space, in, the, pantry,, cupboard, or, on, the, countertop, Made, from, durable, plastic, Non-slip, base, Size:, 14.6&quot;, x, 9.5&quot;, 3.3&quot;H&nbsp;",4.99,False
2022-11-21,17:55:34,buy-online,3-Tier Whiskey Barrel Fountain,"Barrel, Fountain, Realistic&nbsp;wood, grain, finish, Detailed, components, Made, with, durable, material, Easy, to, assemble, Water, pump, included, Overall, dimensions, :, 22&quot;L&nbsp;x, 22&quot;W&nbsp;x, 39&quot;H",159.99,False
2022-11-21,17:55:34,desk-organization,3-Tiered Wire Mesh Tray File,"Mesh, Tray, File, Color, :, black, Overall, dimensions, :, 11.6&quot;, W, x, 14&quot;, L, x, 10.5&quot;, H",8.99,False
2022-11-21,17:55:34,_prodDefaultCategory0,3.3' Inflatable Christmas Light Bulb,"light, bulb, Includes, 1, inflatable, unit,, 1, hanging, string, with, gutter, clip,&nbsp;2, base, stakes,, and, 1, repair, patch, Available, in, red,, green,, or, blue., Selection, may, vary, by, store., Inflates, with, air, pump, -, not, included, Hangs, from, walls,, rain, gutters,, porches, Cold-weather, resistant, PVC, material, For, indoor, or, outdoor, use.",9.99,False
2022-11-21,17:55:34,storm-preparation,"30"" Bungee Cords, 2-Count","9MM&nbsp;, Made, from, 10%, Virgin, Rubber, Polypropylene, fabric, covering, Color:, White&nbsp;, Dimensions, (each, cord):, 30&quot;, L, 2-count",2.19,False
2022-11-21,17:55:34,_prodDefaultCategory0,"30"" Christmas Wreath Bag, Red","Bag, Protect, seasonal, wreaths, Attached, handles, make, it, easy, to, carry, Sturdy, zipper, and, buckle, strap, keep, wreath, secure, Reuseable, 30&quot;, x, 8&quot;, Red",9.99,False
2022-11-21,17:55:34,10-and-under-spring-and-summer-deals,"30"" Nautical Wind Chime","chime, Use, indoor, or, outdoor, Available, in, a, Lighthouse, or, Sailboat, design.&nbsp;, Selection, varies, by, store., 30&quot;, L",9.99,False
2022-11-21,17:55:34,_prodDefaultCategory0,"30"" Window Box Planter with Attached Saucer","Planter, with, Attached, Saucer, 30&quot;",11.0,False
2022-11-21,17:55:34,pet-accessories,30' Tie-Out Dog Large Dog Cable,"cable, 1700lb, break, strength, For, dogs, up, to, 100lbs, 30ft, Tangle-free, Weather, resistant, PVC, coating, Heavy, duty, nickel, plated, trolley, Easily, attaches, to, post,, stake, or, dog, run",7.99,False
2022-11-21,17:55:34,autumn-essentials,30' x 50' All-Purpose Weather Resistant Tarp,"50&#39;, All-Purpose, Weather, Resistant, Tarp, Woven, polyethylene, Polypropylene, rope, around, the, hem, Rustproof, grommets, Easy, to, clean, Tear-resistant, Superior, all-weather, protection, Cut, size, :, 30&#39;W, x, 50&#39;L",124.99,False
2022-11-21,17:55:34,autumn-essentials,30' x 60' All-Purpose Weather Resistant Tarp,"60&#39;, All-Purpose, Weather, Resistant, Tarp, Woven, polyethylene, Polypropylene, rope, around, hem, Rustproof, grommets, Easy, to, clean, Tear-resistant, Superior, all-weather, protection, Cut, size, :, 30&#39;, W, x, 60&#39;, L",139.99,False
